,Expected Evacuation Costs,Expected Annual Damage,Expected Number of Deaths,A.5_Expected Number of Deaths,A.5_Expected Annual Damage
0,0.0,289881102.13160485,0.2301324914072379,0.10466512994240103,177784061.96177182
1,0.0,312829656.93952847,0.24092295587932105,0.10466512994240103,177784061.96177182
2,0.0,275565115.7020916,0.2100908470427012,0.07256944094841966,123693546.10321838
3,0.0,2470076805.040224,2.6949382841865313,0.0,0.0
4,0.0,212015215.59714758,0.16509833609685598,0.018804319803818588,32122305.34013572
5,0.0,112097040.16983303,0.1254673614648369,0.0,0.0
6,0.0,2529119805.8220325,2.729023951832372,0.0,0.0
7,0.0,2493025359.848148,2.7057287486586143,0.0,0.0
8,0.0,241547248.339458,0.16853530992353274,0.0,0.0
9,0.0,2552068360.6299562,2.739814416304455,0.0,0.0
10,0.0,2552068360.6299562,2.739814416304455,0.0,0.0
11,0.0,2552068360.6299562,2.739814416304455,0.0,0.0
12,0.0,2186870244.489665,1.4951602693626018,0.0,0.0
13,0.0,4885945879.167469,2.4190467929613066,0.0,0.0
14,0.0,2971215410.5677714,2.9332396703229193,0.0,0.0
15,0.0,1530182701.5553296,0.8129294804725882,0.0,0.0
16,0.0,2186870244.489665,1.4951602693626018,0.0,0.0
17,0.0,2186870244.489665,1.4951602693626018,0.0,0.0
18,0.0,1993933065.4565334,1.0890981872797023,0.7918834886524984,1441287530.2903962
19,0.0,4500093508.123266,2.01818588075897,0.0,0.0
20,0.0,5486709258.384017,3.5970132874705225,0.0,0.0
21,0.0,3661349842.2570953,1.584349958444895,0.10827611575076743,203048008.2994482
22,0.0,3455132479.2476425,1.4751519745863133,0.0,0.0
23,0.0,3658900297.7101398,1.5838835345589222,0.10873155997260893,203767818.46249717
24,0.0,3455132479.2476425,1.4751519745863133,0.0,0.0
25,0.0,3455132479.2476425,1.4751519745863133,0.0,0.0
26,0.0,3455132479.2476425,1.4751519745863133,0.0,0.0
27,0.0,3455132479.2476425,1.4751519745863133,0.0,0.0
28,0.0,3455132479.2476425,1.4751519745863133,0.0,0.0
29,0.0,3455132479.2476425,1.4751519745863133,0.0,0.0
30,0.0,3455132479.2476425,1.4751519745863133,0.0,0.0
31,0.0,3455132479.2476425,1.4751519745863133,0.0,0.0
32,0.0,3455132479.2476425,1.4751519745863133,0.0,0.0
33,0.0,3455132479.2476425,1.4751519745863133,0.0,0.0
34,0.0,3455132479.2476425,1.4751519745863133,0.0,0.0
35,0.0,3455132479.2476425,1.4751519745863133,0.0,0.0
36,0.0,2291684172.329532,1.6057464070160883,0.748188347236187,1372229223.3474405
37,0.0,2274450313.187342,1.5976457197764395,0.748188347236187,1372229223.3474405
38,0.0,2188209149.2447767,1.4362226674638148,0.6980033099206795,1292913912.7993374
39,0.0,2421424965.7028723,1.755397001311297,0.7441293223524805,1365814107.6796045
40,0.0,1354626476.2884593,1.0473145388124712,0.1597218839217846,314816971.64476436
41,0.0,919454948.9820915,0.8575580597799014,0.0,0.0
42,0.0,1063269879.4088624,0.800586530859045,0.0,0.0
43,0.0,1160542516.9164357,1.0336752965950986,0.0,0.0
44,0.0,1022547531.8810441,0.7663979334018872,0.0,0.0
45,0.0,901549865.688878,0.7562065805209952,0.0,0.0
46,0.0,1360852991.911437,0.9522077275411807,0.1597218839217846,314816971.64476436
47,0.0,1046036020.2666726,0.7924858436193961,0.0,0.0
48,0.0,2253605076.1309953,2.1696089649489196,0.004050929474672646,7192252.10976118
49,0.0,2173786491.87449,2.1388900430105298,0.004050929474672646,7192252.10976118
50,0.0,2213529312.189519,2.1452831325562225,0.004050929474672646,7192252.10976118
51,0.0,536083554.9699573,0.21636053467267763,0.004816919929843685,8545755.857788041
52,0.0,2130480345.9081807,2.1438935862460395,0.012292457732747418,21851439.87749009
53,0.0,2253605076.1309953,2.1696089649489196,0.004050929474672646,7192252.10976118
54,0.0,894616283.3687805,0.4831329183971909,0.35225700991141157,612198819.6558875
55,0.0,875630173.3486779,0.49589142650736406,0.3532030260299944,613652951.4611015
56,0.0,2019954161.9573228,2.0944577563038242,0.017623473862146417,31087895.374070153
57,0.0,432815229.9267852,0.17890648102444118,0.004816919929843685,8545755.857788041
58,0.0,850013398.7284708,0.4807809095706129,0.3624183414859404,628111940.7823708
59,0.0,850013398.7284708,0.4807809095706129,0.3624183414859404,628111940.7823708
60,0.0,3455132479.2476425,1.4751519745863133,0.0,0.0
61,0.0,3455132479.2476425,1.4751519745863133,0.0,0.0
62,0.0,4500516476.310022,2.018526861550233,0.0,0.0
63,0.0,3455132479.2476425,1.4751519745863133,0.0,0.0
64,0.0,3466525835.3043904,1.4783270881893826,0.0,0.0
65,0.0,3455132479.2476425,1.4751519745863133,0.0,0.0
66,0.0,4500516476.310022,2.018526861550233,0.0,0.0
67,0.0,3466434441.1040735,1.4782951301894047,0.0,0.0
68,0.0,4498664675.38072,2.017034010395212,0.0,0.0
69,0.0,4498664675.38072,2.017034010395212,0.0,0.0
70,0.0,4498664675.38072,2.017034010395212,0.0,0.0
71,0.0,4498664675.38072,2.017034010395212,0.0,0.0
72,0.0,3459801595.6775527,1.4804123676315968,0.0,0.0
73,0.0,1924120255.1267226,0.8904481920272185,0.0,0.0
74,0.0,3459801595.6775527,1.4804123676315968,0.0,0.0
75,0.0,3588314112.9470387,1.6217482478887242,0.0,0.0
76,0.0,3464926627.2810745,1.4818972715173448,0.0,0.0
77,0.0,3459801595.6775527,1.4804123676315968,0.0,0.0
78,0.0,3588314112.9470387,1.6217482478887242,0.0,0.0
79,0.0,2802859594.6528974,1.8526635972322711,0.0,0.0
80,0.0,1944188623.440977,0.8962768139696229,0.0,0.0
81,0.0,2797507665.9185762,1.851114811672558,0.0,0.0
82,0.0,2802859594.6528974,1.8526635972322711,0.0,0.0
83,0.0,2802859594.6528974,1.8526635972322711,0.0,0.0
84,0.0,401256387.3174834,0.23497037683053468,0.005825506471608085,10139783.86003406
85,0.0,401256387.3174834,0.23497037683053468,0.005825506471608085,10139783.86003406
86,0.0,356303110.21225905,0.20969744368466375,0.1028655387610539,178982719.57501194
87,0.0,401256387.3174834,0.23497037683053468,0.005825506471608085,10139783.86003406
88,0.0,401256387.3174834,0.23497037683053468,0.005825506471608085,10139783.86003406
89,0.0,391116603.4574494,0.22914487035892658,0.0,0.0
90,0.0,177320390.63724715,0.10683190492360986,0.0,0.0
91,0.0,391116603.4574494,0.22914487035892658,0.0,0.0
92,0.0,177320390.63724715,0.10683190492360986,0.0,0.0
93,0.0,177320390.63724715,0.10683190492360986,0.0,0.0
94,0.0,356303110.21225905,0.20969744368466375,0.1028655387610539,178982719.57501194
95,0.0,177320390.63724715,0.10683190492360986,0.0,0.0
96,0.0,379051558.18137497,0.41958369708704973,0.0,0.0
97,0.0,379051558.18137497,0.41958369708704973,0.0,0.0
98,0.0,370704334.45316535,0.4145582608864007,0.0,0.0
99,0.0,152393742.72804284,0.08988231065568973,0.06520708547957738,109915544.62604369
100,0.0,379051558.18137497,0.41958369708704973,0.0,0.0
101,0.0,379051558.18137497,0.41958369708704973,0.0,0.0
102,0.0,105112014.05684127,0.06199434837509697,0.04270218634366685,71599441.58884677
103,0.0,91707622.44147183,0.054742163343820344,0.031077417489783297,52187160.43050356
104,0.0,370704334.45316535,0.4145582608864007,0.0,0.0
105,0.0,108069750.14787215,0.06300482769717229,0.04270218634366685,71599441.58884677
106,0.0,162840398.25238144,0.09612401636489105,0.07683185433346093,129327825.78438693
107,0.0,105112014.05684127,0.06199434837509697,0.04270218634366685,71599441.58884677
108,0.0,2728045433.8470964,1.167585930356321,0.0,0.0
109,0.0,2079504011.0593371,0.8897557641040168,0.0,0.0
110,0.0,3713508395.564997,1.7274609891724342,0.0,0.0
111,0.0,2728045433.8470964,1.167585930356321,0.0,0.0
112,0.0,2645436678.7891893,1.147112517554827,0.0,0.0
113,0.0,2728045433.8470964,1.167585930356321,0.0,0.0
114,0.0,3697912591.3528104,1.723562127542524,0.0,0.0
115,0.0,1951481047.1850936,0.857833547224711,0.0,0.0
116,0.0,3000425514.4799,1.4335734638566937,0.0,0.0
117,0.0,3016021318.6920867,1.437472325486604,0.0,0.0
118,0.0,3000425514.4799,1.4335734638566937,0.0,0.0
119,0.0,3000425514.4799,1.4335734638566937,0.0,0.0
120,0.0,3754224606.759488,1.7964119058280035,0.0,0.0
121,0.0,3754187356.294654,1.796350436514292,0.0,0.0
122,0.0,3754224606.759488,1.7964119058280035,0.0,0.0
123,0.0,3754224606.759488,1.7964119058280035,0.0,0.0
124,0.0,3754224606.759488,1.7964119058280035,0.0,0.0
125,0.0,3754224606.759488,1.7964119058280035,0.0,0.0
126,0.0,3754224606.759488,1.7964119058280035,0.0,0.0
127,0.0,3754187356.294654,1.796350436514292,0.0,0.0
128,0.0,3754187356.294654,1.796350436514292,0.0,0.0
129,0.0,3754187356.294654,1.796350436514292,0.0,0.0
130,0.0,3754187356.294654,1.796350436514292,0.0,0.0
131,0.0,3754187356.294654,1.796350436514292,0.0,0.0
132,0.0,1231836500.9282503,0.6727672319629717,0.0,0.0
133,0.0,1136680165.5895736,0.629603612004234,0.0,0.0
134,0.0,409553078.94438356,0.2581806012785228,0.0,0.0
135,0.0,1231836500.9282503,0.6727672319629717,0.0,0.0
136,0.0,1231836500.9282503,0.6727672319629717,0.0,0.0
137,0.0,1231836500.9282503,0.6727672319629717,0.0,0.0
138,0.0,298459048.0383837,0.17952975239136015,0.0,0.0
139,0.0,1136680165.5895736,0.629603612004234,0.0,0.0
140,0.0,256477761.73110476,0.19767597886921717,0.0,0.0
141,0.0,261221694.57430875,0.15370713488319043,0.0,0.0
142,0.0,203302712.69970688,0.13636613243262247,0.0,0.0
143,0.0,203302712.69970688,0.13636613243262247,0.0,0.0
144,0.0,248178258.51615337,0.15491114179738666,0.0,0.0
145,0.0,169697615.21663055,0.11836358456783776,0.0,0.0
146,0.0,258157794.52115566,0.12927185116627593,0.0,0.0
147,0.0,2559159456.026879,2.738598059470185,0.0,0.0
148,0.0,213246872.45312974,0.1446354560136123,0.0,0.0
149,0.0,296998921.240857,0.18338708204056708,0.028475940243180425,48820662.724703625
150,0.0,2624541416.55894,2.7748957242624743,0.0,0.0
151,0.0,2480678812.727356,2.702050502240636,0.0,0.0
152,0.0,270451968.4539788,0.1559287388952061,0.07401265914390465,127519503.82518
153,0.0,2546060773.2594175,2.738348167032925,0.0,0.0
154,0.0,2546060773.2594175,2.738348167032925,0.0,0.0
155,0.0,2546060773.2594175,2.738348167032925,0.0,0.0
156,0.0,3543743962.4993644,1.557194491080337,0.0,0.0
157,0.0,2682283373.3699775,2.0909022959313637,0.0,0.0
158,0.0,3521262643.23842,1.5451048184983227,0.0,0.0
159,0.0,3484452559.4085317,1.4917197925075962,0.0,0.0
160,0.0,3543743962.4993644,1.557194491080337,0.0,0.0
161,0.0,3543743962.4993644,1.557194491080337,0.0,0.0
162,0.0,3461453780.281703,1.478776227149464,0.0,0.0
163,0.0,1444335391.4345841,0.7209086142569452,0.0,0.0
164,0.0,2390779813.6923923,1.94561458354675,0.0,0.0
165,0.0,1136217990.502602,0.5482053669371454,0.0,0.0
166,0.0,1172591848.887943,0.5689616095374643,0.02075624260031899,36373858.38534103
167,0.0,1136217990.502602,0.5482053669371454,0.0,0.0
168,0.0,1300871499.5132399,0.5557193425113403,0.0,0.0
169,0.0,3465395999.5705457,1.478023618640581,0.0,0.0
170,0.0,1285895390.1484065,0.5466313080354008,0.0,0.0
171,0.0,1300871499.5132399,0.5557193425113403,0.0,0.0
172,0.0,1189230616.0758743,0.5285732441173153,0.008684971837788541,15054621.553899031
173,0.0,1300871499.5132399,0.5557193425113403,0.0,0.0
174,0.0,1158910920.5497034,0.5106809511794874,0.0,0.0
175,0.0,3455132479.2476425,1.4751519745863133,0.0,0.0
176,0.0,3455132479.2476425,1.4751519745863133,0.0,0.0
177,0.0,3465395999.5705457,1.478023618640581,0.0,0.0
178,0.0,3455132479.2476425,1.4751519745863133,0.0,0.0
179,0.0,3455132479.2476425,1.4751519745863133,0.0,0.0
180,0.0,2563293821.6820683,2.746002113466168,0.0,0.0
181,0.0,2907960141.1367593,2.9012340685219726,0.0,0.0
182,0.0,3047076424.5032,2.9794188787564067,0.0,0.0
183,0.0,1376129523.8864875,1.4848558302386894,0.0,0.0
184,0.0,2576359473.8189254,2.7492105762073358,0.0,0.0
185,0.0,2563293821.6820683,2.746002113466168,0.0,0.0
186,0.0,1902327345.88671,1.6465166613480844,0.0,0.0
187,0.0,1876510262.0636377,1.6809119028734991,0.0,0.0
188,0.0,3404808396.0947475,3.137859296553379,0.0,0.0
189,0.0,2103073643.4377763,1.7643145824472604,0.0,0.0
190,0.0,2246993665.3414006,1.8017486164038892,0.0,0.0
191,0.0,2246993665.3414006,1.8017486164038892,0.0,0.0
192,0.0,1326694496.6633112,0.7666291906977966,0.6708616087139228,1194726282.5859847
193,0.0,1590032697.71941,0.8553264928679851,0.6616352425299916,1180222362.4764407
194,0.0,1326705715.8913877,0.7489556829834189,0.642123778059809,1149385325.2541406
195,0.0,1326694496.6633112,0.7666291906977966,0.6708616087139228,1194726282.5859847
196,0.0,1311222012.9547744,0.7283586116946389,0.6081801437282393,1095738859.252455
197,0.0,131968214.07732657,0.09576758198387385,0.0,0.0
198,0.0,271389857.47453207,0.13431634070704743,0.0,0.0
199,0.0,505136349.32198477,0.22161506560704505,0.0,0.0
200,0.0,615663457.5173467,0.28907247152289106,0.0,0.0
201,0.0,521593990.6800618,0.2615880357394535,0.0,0.0
202,0.0,1701750112.2813725,0.8911453928361721,0.602072921313281,1086086654.7640257
203,0.0,615663457.5173467,0.28907247152289106,0.0,0.0
204,0.0,1900425464.2093139,0.8525748564636377,0.0,0.0
205,0.0,439169687.25354844,0.44549792254012877,0.0,0.0
206,0.0,1886195407.4048314,0.8440694919507088,0.0,0.0
207,0.0,2386722639.9577775,1.3944097651227432,0.0,0.0
208,0.0,1900425464.2093139,0.8525748564636377,0.0,0.0
209,0.0,2061746311.362414,0.9441494679449475,0.09157461148130974,161320847.15310013
210,0.0,2391006018.113385,1.3963217610446368,0.010417360434822503,18513434.96009017
211,0.0,1493853241.3379693,1.5534095698981547,0.06617102605091447,116500158.57412359
212,0.0,996875138.8178267,0.7725342200007754,0.3392640359731576,591731704.6628311
213,0.0,1465367225.3228471,1.5381859991731497,0.07674203565253378,135134622.0146553
214,0.0,1330232603.3081918,1.461443963520616,0.0,0.0
215,0.0,1465367225.3228471,1.5381859991731497,0.07674203565253378,135134622.0146553
216,0.0,3487920113.917392,1.4825089944786092,0.0,0.0
217,0.0,595744254.4692131,0.350751566419101,0.0,0.0
218,0.0,3509415647.2688255,1.4948721876832063,0.0,0.0
219,0.0,3904694422.878705,1.9377482628640688,0.0,0.0
220,0.0,3455132479.2476425,1.4751519745863133,0.0,0.0
221,0.0,3487920113.917392,1.4825089944786092,0.0,0.0
222,0.0,3909274023.713585,1.9465280931592568,0.0,0.0
223,0.0,2671813626.5523458,2.786243383520174,0.0,0.0
224,0.0,642636205.4583244,0.3524128667107643,0.0,0.0
225,0.0,3155305244.7499795,3.002281393628034,0.0,0.0
226,0.0,3067279445.41785,2.98521212239869,0.0,0.0
227,0.0,3067279445.41785,2.98521212239869,0.0,0.0
228,0.0,2856290946.049977,2.736630851506551,0.0,0.0
229,0.0,3807751452.022938,1.8231666541737783,0.0,0.0
230,0.0,2292377280.145934,2.478757009006907,0.0,0.0
231,0.0,688635935.7871032,0.3902183681710438,0.0,0.0
232,0.0,2856290946.049977,2.736630851506551,0.0,0.0
233,0.0,2856290946.049977,2.736630851506551,0.0,0.0
234,0.0,293060716.90296733,0.2119863504501205,0.018804319803818588,32122305.34013572
235,0.0,3511461197.9869957,1.5065302689854296,0.0,0.0
236,0.0,3753885698.549711,1.795852652268114,0.0,0.0
237,0.0,3455132479.2476425,1.4751519745863133,0.0,0.0
238,0.0,3456633950.2319984,1.4755921624886208,0.0,0.0
239,0.0,3456633950.2319984,1.4755921624886208,0.0,0.0
240,0.0,1405052474.0238485,1.4908925683526446,0.0,0.0
241,0.0,3733550153.651068,1.7823875720842115,0.0,0.0
242,0.0,1305067821.4007108,0.7133078915356281,0.0,0.0
243,0.0,2592216771.819429,2.752038851580123,0.0,0.0
244,0.0,1405052474.0238485,1.4908925683526446,0.0,0.0
245,0.0,2077643093.6164947,1.8563971752854944,0.3655046069328498,672590619.5926461
246,0.0,1815904892.999,1.2535256513564672,0.0,0.0
247,0.0,4677167540.180365,2.778625986546127,0.0,0.0
248,0.0,4551987106.669423,2.060020517140223,0.0,0.0
249,0.0,5062824178.267713,2.6002382769610617,0.0,0.0
250,0.0,5062824178.267713,2.6002382769610617,0.0,0.0
251,0.0,5062824178.267713,2.6002382769610617,0.0,0.0
252,0.0,3544486087.2428164,1.5243340402934713,0.0,0.0
253,0.0,1084382172.837743,0.6041741096605807,0.0,0.0
254,0.0,3461554596.011502,1.4769901404411474,0.0,0.0
255,0.0,3544486087.2428164,1.5243340402934713,0.0,0.0
256,0.0,3544486087.2428164,1.5243340402934713,0.0,0.0
257,0.0,3544486087.2428164,1.5243340402934713,0.0,0.0
258,0.0,3455132479.2476425,1.4751519745863133,0.0,0.0
259,0.0,1079111259.1938138,0.6026853949479469,0.0,0.0
260,0.0,86083215.64495018,0.06299215483636698,0.0,0.0
261,0.0,270069210.0530604,0.17720836937109163,0.0,0.0
262,0.0,170104561.14959246,0.15320970428875652,0.00919564873723846,15423215.419862464
263,0.0,154681345.72973,0.14401405555151806,0.0,0.0
264,0.0,5469737436.578339,3.812378813189614,0.0,0.0
265,0.0,2571446748.4565587,2.74601020667338,0.0,0.0
266,0.0,5472730911.495678,3.814131679010827,0.0,0.0
267,0.0,3145385986.5770006,1.3475354410788356,0.0,0.0
268,0.0,5473167682.928855,3.8132608863987194,0.0,0.0
269,0.0,5469737436.578339,3.812378813189614,0.0,0.0
270,0.0,3190148411.3862123,1.3609905989081184,0.0,0.0
271,0.0,288123573.3299476,0.13781208556092522,0.0,0.0
272,0.0,2711164641.6135144,2.819937172430505,0.0,0.0
273,0.0,255801033.93676996,0.14337946215315878,0.0,0.0
274,0.0,394530338.8281241,0.18343093262165527,0.0,0.0
275,0.0,394530338.8281241,0.18343093262165527,0.0,0.0
276,0.0,604452907.4515308,0.3414198778299364,0.1697282161179089,298914769.1254033
277,0.0,3481443245.5477133,1.4896383088799217,0.01036471980447579,18308431.21661458
278,0.0,736569349.5032116,0.4344877937623385,0.316031188475317,553099426.7064873
279,0.0,670967159.1608033,0.41735383669913706,0.1697282161179089,298914769.1254033
280,0.0,593802282.0986798,0.34435182018696675,0.18213287645280385,320447239.32504475
281,0.0,305538138.3261275,0.1716916617120275,0.0,0.0
282,0.0,561422244.9765897,0.5229587654213119,0.09357410134364555,161435961.27224314
283,0.0,3461478059.9513564,1.4787958004914534,0.0,0.0
284,0.0,3455132479.2476425,1.4751519745863133,0.0,0.0
285,0.0,3458301833.9576473,1.4760738426941276,0.0,0.0
286,0.0,3483187770.024413,1.4910935865593669,0.015941611973053448,28055290.77677041
287,0.0,3455132479.2476425,1.4751519745863133,0.0,0.0
288,0.0,2492966105.157036,2.709462649443831,0.0,0.0
289,0.0,5714495032.199169,3.832753117149677,0.0,0.0
290,0.0,3436916920.509561,3.1227336462299733,0.0,0.0
291,0.0,1858165163.9492486,2.0136191900836007,0.0,0.0
292,0.0,2492966105.157036,2.709462649443831,0.0,0.0
293,0.0,2492966105.157036,2.709462649443831,0.0,0.0
294,0.0,1929147601.8666842,1.533373403974501,0.0,0.0
295,0.0,3641293818.1381364,1.6777208973682431,0.0,0.0
296,0.0,5796870606.238177,3.870708741988165,0.0,0.0
297,0.0,3641283466.39426,1.628839717949759,0.0,0.0
298,0.0,3641283466.39426,1.628839717949759,0.0,0.0
299,0.0,3641283466.39426,1.628839717949759,0.0,0.0
300,0.0,3568198844.7039375,1.5379874569718452,0.0458404650954978,83216367.63724506
301,0.0,1180113757.8230963,0.6564048020389175,0.34552009504877335,622523985.2346702
302,0.0,3554549073.5285354,1.5305363890600663,0.05538441447375287,99416594.28089282
303,0.0,3568198844.7039375,1.5379874569718452,0.0458404650954978,83216367.63724506
304,0.0,3568198844.7039375,1.5379874569718452,0.0458404650954978,83216367.63724506
305,0.0,3484982477.0666924,1.4921469918763475,0.0,0.0
306,0.0,3455373119.9420457,1.4752231250270402,0.0,0.0
307,0.0,559185028.1355973,0.3113576887354523,0.0,0.0
308,0.0,360783158.5967146,0.24113412031754267,0.03549933275269386,60585748.21995921
309,0.0,467181954.93570167,0.312210226741556,0.11539149623838726,196873231.21289057
310,0.0,1202078853.2035713,0.7173727208848328,0.511612321678915,901663057.5572408
311,0.0,361001543.86628973,0.24125973195861172,0.03549933275269386,60585748.21995921
312,0.0,3482946904.2941785,1.5062469641306446,0.0,0.0
313,0.0,722706527.1777701,0.7694576347971047,0.0,0.0
314,0.0,3482946904.2941785,1.5062469641306446,0.0,0.0
315,0.0,3456645079.5779057,1.4755960541101352,0.0,0.0
316,0.0,3505902190.5319824,1.5121047308932725,0.0,0.0
317,0.0,3482946904.2941785,1.5062469641306446,0.0,0.0
318,0.0,3478272082.306473,1.4810741917948322,0.0,0.0
319,0.0,294017994.02367646,0.1163403879267915,0.0,0.0
320,0.0,946716648.5777085,0.8393234469251043,0.0,0.0
321,0.0,614943874.3961725,0.3358379837464016,0.2472391775530205,431957355.9277661
322,0.0,323565890.0339836,0.12445941667781395,0.0,0.0
323,0.0,323565890.0339836,0.12445941667781395,0.0,0.0
324,0.0,399288158.8816408,0.20776366613414957,0.0,0.0
325,0.0,996038842.1005899,0.4461305912149982,0.0,0.0
326,0.0,261102300.66334066,0.1252143928227104,0.011452840685954745,19450885.043409307
327,0.0,849866877.8498404,0.7211253867079999,0.0,0.0
328,0.0,403420875.8976315,0.20902768324615628,0.0,0.0
329,0.0,399288158.8816408,0.20776366613414957,0.0,0.0
330,0.0,697717603.154991,0.6337435079868085,0.0,0.0
331,0.0,1073160069.6960723,0.533870177187438,0.0,0.0
332,0.0,964682525.3930565,0.4268993935896259,0.0,0.0
333,0.0,1040090132.8536623,0.5141094263042731,0.0,0.0
334,0.0,1040090132.8536623,0.5141094263042731,0.0,0.0
335,0.0,1040090132.8536623,0.5141094263042731,0.0,0.0
336,0.0,222476883.05646536,0.2039250014805867,0.00773996454715304,12987019.593078904
337,0.0,3455132479.2476425,1.4751519745863133,0.0,0.0
338,0.0,282456447.3887216,0.16463059753775663,0.0,0.0
339,0.0,134761658.69134355,0.10199913252058704,0.00773996454715304,12987019.593078904
340,0.0,350894188.30130213,0.23764956859821867,0.0,0.0
341,0.0,663873959.4164182,0.45990906625798855,0.26372402932455485,454384095.9530318
342,0.0,437916082.25724584,0.21702278940624356,0.015756146960276014,27501731.580327585
343,0.0,3464419893.4083433,1.4777850237557049,0.0,0.0
344,0.0,3466663493.5186973,1.4790900027391556,0.0,0.0
345,0.0,3463637390.935942,1.480023849568491,0.0035438007676012063,6195263.321442148
346,0.0,3466663493.5186973,1.4790900027391556,0.0,0.0
347,0.0,3466663493.5186973,1.4790900027391556,0.0,0.0
348,0.0,3598053353.2599387,1.6315776217686984,0.0,0.0
349,0.0,2043192964.406967,2.117446816033953,0.0,0.0
350,0.0,3598053353.2599387,1.6315776217686984,0.0,0.0
351,0.0,3469150869.6711254,1.489827215295032,0.0,0.0
352,0.0,3598053353.2599387,1.6315776217686984,0.0,0.0
353,0.0,3598053353.2599387,1.6315776217686984,0.0,0.0
354,0.0,3467884400.899878,1.4894562062139785,0.0,0.0
355,0.0,874051243.0605345,0.8456361183282274,0.0,0.0
356,0.0,1891183873.8027601,2.0380946302829877,0.0,0.0
357,0.0,774286519.4870374,0.7929782818075591,0.0,0.0
358,0.0,739113063.5556247,0.7825584563838124,0.0,0.0
359,0.0,739113063.5556247,0.7825584563838124,0.0,0.0
360,0.0,1032857657.3761472,0.5251815160443875,0.28132375296046674,489773524.80907977
361,0.0,646889590.3408996,0.42636450728898506,0.31373207569257583,540671039.9559572
362,0.0,1171406756.9927125,0.6039595637945634,0.0,0.0
363,0.0,2994323041.7266207,2.918275952692478,0.0,0.0
364,0.0,1032857657.3761472,0.5251815160443875,0.28132375296046674,489773524.80907977
365,0.0,543084132.5670674,0.2438577630839207,0.0,0.0
366,0.0,3569953349.2299347,3.19123696442663,0.0,0.0
367,0.0,2465801832.5275235,2.6929186714640823,0.0,0.0
368,0.0,631067029.3913435,0.3633001511147567,0.0,0.0
369,0.0,3029613621.628566,2.950577551746824,0.0,0.0
370,0.0,3029613621.628566,2.950577551746824,0.0,0.0
371,0.0,3029613621.628566,2.950577551746824,0.0,0.0
372,0.0,1194523337.2721505,0.6613143102324488,0.0,0.0
373,0.0,4112973467.8984704,1.8212253295864607,0.0,0.0
374,0.0,541634868.9399812,0.4600305139576844,0.0,0.0
375,0.0,1194523337.2721505,0.6613143102324488,0.0,0.0
376,0.0,1190184074.0252154,0.6601929623791934,0.0,0.0
377,0.0,1194523337.2721505,0.6613143102324488,0.0,0.0
378,0.0,1105777312.1412966,0.6952529521866683,0.4845312927900796,857587282.2219154
379,0.0,4112973467.8984704,1.8212253295864607,0.0,0.0
380,0.0,3519401350.657592,1.510443238057431,0.0343512102297902,61047510.449983224
381,0.0,3479821829.856756,1.4840568559066414,0.00428089949136502,7698598.421782144
382,0.0,3458353840.2076087,1.4760920278276408,0.0,0.0
383,0.0,3519401350.657592,1.510443238057431,0.0343512102297902,61047510.449983224
384,0.0,2510230631.465995,2.7182771132309225,0.0,0.0
385,0.0,3589455651.6647387,3.150785342695489,0.0,0.0
386,0.0,2831651002.750919,2.8739586518298115,0.0,0.0
387,0.0,296228416.5235842,0.1975790748059233,0.036963269741298974,64068148.33338873
388,0.0,2510230631.465995,2.7182771132309225,0.0,0.0
389,0.0,2510230631.465995,2.7182771132309225,0.0,0.0
390,0.0,401106271.635884,0.23385426031380988,0.0,0.0
391,0.0,1158910920.5497034,0.5106809511794874,0.0,0.0
392,0.0,3967267695.0890846,3.3678620341696286,0.0,0.0
393,0.0,1555464545.0743768,0.7331694935810246,0.0,0.0
394,0.0,1536722963.9740493,0.7277576426536272,0.0,0.0
395,0.0,1536722963.9740493,0.7277576426536272,0.0,0.0
396,0.0,829615811.367859,0.38813236598377576,0.0,0.0
397,0.0,177320390.63724715,0.10683190492360986,0.0,0.0
398,0.0,704280236.3071923,0.3141405122246512,0.0,0.0
399,0.0,3042212801.43694,2.808731278862474,0.0,0.0
400,0.0,921479839.8001208,0.4147536236522584,0.0,0.0
401,0.0,1952477150.4743547,1.0134736688143127,0.625341302830537,1122861339.1064959
402,0.0,3300633285.526328,2.9374127945656947,0.20075743991406908,377095581.636469
403,0.0,2812237829.227541,2.758897803791454,0.21802444684205408,408739349.49914336
404,0.0,1350734918.1227942,0.8153949982508363,0.604858191741416,1090488655.8540938
405,0.0,2655940475.7091484,2.677854985204404,0.22580123103688143,421030225.155974
406,0.0,2241570728.06676,2.453969683715799,0.0,0.0
407,0.0,2654892106.5952396,2.674893309748213,0.22092362603241372,413321378.5284796
408,0.0,3461520154.9919286,1.4769780973782514,0.0,0.0
409,0.0,610853793.1339835,0.49816855016419936,0.0,0.0
410,0.0,3461520154.9919286,1.4769780973782514,0.0,0.0
411,0.0,3466155316.195242,1.482182458787819,0.0,0.0
412,0.0,3456633951.304125,1.4755921628635134,0.0,0.0
413,0.0,3461520154.9919286,1.4769780973782514,0.0,0.0
414,0.0,3461269112.507438,1.480796524273081,0.0,0.0
415,0.0,730133429.2830825,0.6975954851884557,0.0073450779559415865,12738089.347422872
416,0.0,667639334.9337351,0.5211949921706271,0.0073450779559415865,12738089.347422872
417,0.0,975479133.2516587,0.8098474982051317,0.0073450779559415865,12738089.347422872
418,0.0,880474857.2673703,0.7792613627685954,0.0,0.0
419,0.0,893212946.6147932,0.786606440724537,0.0073450779559415865,12738089.347422872
420,0.0,1213132628.833139,0.6709834268512767,0.0,0.0
421,0.0,3973289008.9036355,1.7459155022219497,0.0,0.0
422,0.0,815427682.157392,0.4883920025080324,0.3918790971292174,682084030.7704186
423,0.0,1213132628.833139,0.6709834268512767,0.0,0.0
424,0.0,1213132628.833139,0.6709834268512767,0.0,0.0
425,0.0,1213132628.833139,0.6709834268512767,0.0,0.0
426,0.0,116467806.39925146,0.08442519127327991,0.0,0.0
427,0.0,3973289008.9036355,1.7459155022219497,0.0,0.0
428,0.0,3455132479.2476425,1.4751519745863133,0.0,0.0
429,0.0,3455132479.2476425,1.4751519745863133,0.0,0.0
430,0.0,3487402357.346641,1.493432912707552,0.018280938121238825,32269878.098998733
431,0.0,3455132479.2476425,1.4751519745863133,0.0,0.0
432,0.0,1695272103.2646437,0.9681872608508382,0.7918548972791526,1421608407.898356
433,0.0,3624401749.797997,1.5671626103545457,0.09201063576823243,169269270.55035466
434,0.0,1724036018.9054785,0.9541174191683902,0.7533401398702483,1360971165.332573
435,0.0,2148671831.1874228,1.5435745877490863,0.7222764792065838,1311876374.8513052
436,0.0,1707515483.0970287,0.9678240058713018,0.7838618307220436,1409073694.2832108
437,0.0,964928230.414373,0.5740644373499779,0.39773207377829234,691264535.0480852
438,0.0,1380867037.1364646,1.1277685479392008,0.22609591346171137,398309158.79016286
439,0.0,3523259557.9161496,1.529194072399305,0.022701633389897953,40163895.60293752
440,0.0,3498739423.4046507,1.4999084277882146,0.024756453201901306,43606944.15700826
441,0.0,3523259557.9161496,1.529194072399305,0.022701633389897953,40163895.60293752
442,0.0,3650538199.943951,1.5973472492616974,0.09085481025229031,167442537.6307391
443,0.0,3523259557.9161496,1.529194072399305,0.022701633389897953,40163895.60293752
444,0.0,3975048453.502203,1.958557895884242,0.0,0.0
445,0.0,2877223635.750378,2.8717754055706846,0.0,0.0
446,0.0,3961491580.9634614,1.9510302575358252,0.0,0.0
447,0.0,3551127079.040102,1.4990231849366829,0.0,0.0
448,0.0,3903416356.1996183,1.9461615690757788,0.0,0.0
449,0.0,3975048453.502203,1.958557895884242,0.0,0.0
450,0.0,3455132479.2476425,1.4751519745863133,0.0,0.0
451,0.0,327224600.97206193,0.19261651651740602,0.0,0.0
452,0.0,2513933091.6665707,2.7209839685502195,0.0,0.0
453,0.0,322150054.842522,0.1511252604126363,0.0,0.0
454,0.0,104654505.52848639,0.0918153960233392,0.0,0.0
455,0.0,104654505.52848639,0.0918153960233392,0.0,0.0
456,0.0,3455132479.2476425,1.4751519745863133,0.0,0.0
457,0.0,240797367.1902979,0.15746924801487514,0.07304405674159523,124329560.79104644
458,0.0,3660533399.509774,1.5852873479706588,0.0,0.0
459,0.0,3455132479.2476425,1.4751519745863133,0.0,0.0
460,0.0,3455132479.2476425,1.4751519745863133,0.0,0.0
461,0.0,3455132479.2476425,1.4751519745863133,0.0,0.0
462,0.0,3660533399.509774,1.5852873479706588,0.0,0.0
463,0.0,319406099.5449579,0.27026763422317485,0.044603448532669204,75824103.92620392
464,0.0,1213132628.833139,0.6709834268512767,0.0,0.0
465,0.0,1213132628.833139,0.6709834268512767,0.0,0.0
466,0.0,1213132628.833139,0.6709834268512767,0.0,0.0
467,0.0,1213132628.833139,0.6709834268512767,0.0,0.0
468,0.0,1441395002.00122,1.520103811304689,0.0,0.0
469,0.0,3515119322.715533,1.5417742626695479,0.0,0.0
470,0.0,1297454583.6332457,1.4432909300157033,0.0,0.0
471,0.0,2628559299.7968006,2.7812500945321674,0.0,0.0
472,0.0,1604116062.606872,1.564767536803858,0.0,0.0
473,0.0,1441395002.00122,1.520103811304689,0.0,0.0
474,0.0,2484618881.428827,2.7044372132431818,0.0,0.0
475,0.0,5716617569.781925,3.8362556487051602,0.0,0.0
476,0.0,3531237805.3817525,1.5460932362021453,0.0,0.0
477,0.0,5716617569.781925,3.8362556487051602,0.0,0.0
478,0.0,5716617569.781925,3.8362556487051602,0.0,0.0
479,0.0,5716617569.781925,3.8362556487051602,0.0,0.0
480,0.0,191532951.86002648,0.0899555195332863,0.0,0.0
481,0.0,3467580505.384888,1.4785834633007675,0.0,0.0
482,0.0,249892008.36075276,0.1075326243871461,0.0,0.0
483,0.0,1394955756.3044076,1.4671464371671823,0.0,0.0
484,0.0,106252159.46021554,0.06570287441646183,0.0,0.0
485,0.0,191532951.86002648,0.0899555195332863,0.0,0.0
486,0.0,1378563557.3076687,1.4869527976800525,0.0,0.0
487,0.0,3515060376.008225,1.5416769910338823,0.0,0.0
488,0.0,3455132479.2476425,1.4751519745863133,0.0,0.0
489,0.0,3526700101.3504786,1.5448258395293857,0.0,0.0
490,0.0,3515060376.008225,1.5416769910338823,0.0,0.0
491,0.0,3515060376.008225,1.5416769910338823,0.0,0.0
492,0.0,4325652986.509052,1.9428659878095083,0.0,0.0
493,0.0,1454650870.606118,0.8116857350188202,0.0,0.0
494,0.0,3467978083.773031,1.4896107981618867,0.0,0.0
495,0.0,4325652986.509052,1.9428659878095083,0.0,0.0
496,0.0,4325652986.509052,1.9428659878095083,0.0,0.0
497,0.0,4325652986.509052,1.9428659878095083,0.0,0.0
498,0.0,3458739143.4476542,1.4772199090418467,0.0020679344555335133,3606664.2000118606
499,0.0,1407876869.7569084,0.7591051108672843,0.0,0.0
500,0.0,919803921.5526247,0.8609570341895523,0.024926019079058934,43392004.62329635
501,0.0,662814579.8088254,0.37970041777510327,0.22364949091146064,385240679.21196544
502,0.0,576817038.3962687,0.33039462574798867,0.17434369888434603,299243137.7994088
503,0.0,662814579.8088254,0.37970041777510327,0.22364949091146064,385240679.21196544
504,0.0,3465098188.232663,1.4807877208696223,0.005566438515302235,9730338.007114243
505,0.0,596913287.1003064,0.3981767639492298,0.21975940109941813,382129020.00186896
506,0.0,3524175688.17643,1.513466729252177,0.0,0.0
507,0.0,3465098188.232663,1.4807877208696223,0.005566438515302235,9730338.007114243
508,0.0,3464862817.254757,1.4807184131016156,0.005566438515302235,9730338.007114243
509,0.0,3505481445.380981,1.503465603758171,0.0282443214038511,50113595.15543236
510,0.0,3524175688.17643,1.513466729252177,0.0,0.0
511,0.0,1118766704.7100666,0.7063549326346715,0.5411121062471773,948104642.4886057
512,0.0,953669749.8666506,0.5389443165184401,0.044439574540044956,78840260.64697024
513,0.0,953669749.8666506,0.5389443165184401,0.044439574540044956,78840260.64697024
514,0.0,886558814.8141563,0.5012198259782495,0.00671508399985438,11729325.594475986
515,0.0,953669749.8666506,0.5389443165184401,0.044439574540044956,78840260.64697024
516,0.0,2799225349.881751,2.8613317230695805,0.0,0.0
517,0.0,3024266033.954111,2.960863415012959,0.0,0.0
518,0.0,2599764827.4655995,2.756964976394817,0.0,0.0
519,0.0,2799225349.881751,2.8613317230695805,0.0,0.0
520,0.0,2803834718.705842,2.8621245684422894,0.0,0.0
521,0.0,2799225349.881751,2.8613317230695805,0.0,0.0
522,0.0,2643230242.668268,2.766128387165694,0.0,0.0
523,0.0,3067731449.15678,2.970026825783836,0.0,0.0
524,0.0,2804780857.8251686,2.837075144196208,0.0,0.0
525,0.0,2800171489.0010777,2.836282298823499,0.0,0.0
526,0.0,2843636904.2037463,2.845445709594376,0.0,0.0
527,0.0,2843636904.2037463,2.845445709594376,0.0,0.0
528,0.0,645634875.0081005,0.6510827773563188,0.0,0.0
529,0.0,3457094668.5251384,1.4773577061133782,0.0,0.0
530,0.0,778541253.2959659,0.49222441778869586,0.0,0.0
531,0.0,210593835.36766642,0.15583859533164385,0.0,0.0
532,0.0,645634875.0081005,0.6510827773563188,0.0,0.0
533,0.0,645634875.0081005,0.6510827773563188,0.0,0.0
534,0.0,688635935.7871032,0.3902183681710438,0.0,0.0
535,0.0,3455132479.2476425,1.4751519745863133,0.0,0.0
536,0.0,3505535362.9223742,1.5033422374900427,0.0,0.0
537,0.0,3505535362.9223742,1.5033422374900427,0.0,0.0
538,0.0,3505535362.9223742,1.5033422374900427,0.0,0.0
539,0.0,3505535362.9223742,1.5033422374900427,0.0,0.0
540,0.0,3498348894.45216,1.49915133531409,0.02355897693040318,41714383.995087065
541,0.0,1168247534.403811,0.6485240572350621,0.5039347945792159,889582083.1038784
542,0.0,3498348894.45216,1.49915133531409,0.02355897693040318,41714383.995087065
543,0.0,3753969573.2692103,1.7959910591703707,0.0,0.0
544,0.0,3479295457.3427854,1.4861423477944578,0.008432276504019108,15089914.664448392
545,0.0,3456634510.4570727,1.4755923583836867,0.0,0.0
546,0.0,3753969573.2692103,1.7959910591703707,0.0,0.0
547,0.0,2648091426.9081507,2.7856878685677473,0.0,0.0
548,0.0,320098133.6191163,0.1859024236943972,0.0,0.0
549,0.0,2552877325.066271,2.7346624020152945,0.0,0.0
550,0.0,2558355509.118821,2.7361766141912707,0.0,0.0
551,0.0,2558355509.118821,2.7361766141912707,0.0,0.0
552,0.0,4018944686.211685,3.1549556448709146,0.0,0.0
553,0.0,2243578371.8196225,2.457404533021996,0.0,0.0
554,0.0,4091230367.522302,3.1973378918917117,0.0,0.0
555,0.0,1884539303.1693077,0.8457495611366823,0.0,0.0
556,0.0,4022730133.0161753,3.1560569679332406,0.0,0.0
557,0.0,4018944686.211685,3.1549556448709146,0.0,0.0
558,0.0,1968454266.1315138,0.8914950953309266,0.0,0.0
559,0.0,436625918.85611176,0.4309635192012808,0.0,0.0
560,0.0,2453648080.7388496,2.5676149051657844,0.0,0.0
561,0.0,475339083.7054914,0.41528437797691864,0.0,0.0
562,0.0,537297093.2712903,0.4334555253765563,0.0,0.0
563,0.0,537297093.2712903,0.4334555253765563,0.0,0.0
564,0.0,673910575.992981,0.3753221003251927,0.0,0.0
565,0.0,3670966078.452011,1.5952192612196323,0.0,0.0
566,0.0,287723595.5412376,0.16940133940423754,0.0,0.0
567,0.0,673910575.992981,0.3753221003251927,0.0,0.0
568,0.0,631067029.3913435,0.3633001511147567,0.0,0.0
569,0.0,673910575.992981,0.3753221003251927,0.0,0.0
570,0.0,585571828.0164614,0.3407521621179477,0.2931335930700215,508376607.5802221
571,0.0,3664272327.417254,1.5933878184557966,0.0,0.0
572,0.0,3510454746.221045,1.5067252472530426,0.03157327266672923,55322266.973402396
573,0.0,3500550152.0366488,1.491517804518983,0.00689785790529011,12137841.104650844
574,0.0,3455132479.2476425,1.4751519745863133,0.0,0.0
575,0.0,3510454746.221045,1.5067252472530426,0.03157327266672923,55322266.973402396
576,0.0,1021220825.1644224,1.0220981947483938,0.12404330782625417,218670338.60338044
577,0.0,1078789731.560182,1.049016411804681,0.12404330782625417,218670338.60338044
578,0.0,1002403776.2631191,1.010579652969295,0.12404330782625417,218670338.60338044
579,0.0,868098845.9952385,0.6454833370390031,0.3400622318660095,592993219.2198842
580,0.0,1021220825.1644224,1.0220981947483938,0.12404330782625417,218670338.60338044
581,0.0,802550486.561042,0.8980548869221396,0.0,0.0
582,0.0,256288577.8740512,0.2939025633938944,0.0,0.0
583,0.0,332674533.1711141,0.3323393222292807,0.0,0.0
584,0.0,841200467.2524984,0.913239599982425,0.0,0.0
585,0.0,313755607.4668108,0.3206058182332788,0.0,0.0
586,0.0,906748826.686695,0.6606680500992883,0.3400622318660095,592993219.2198842
587,0.0,313755607.4668108,0.3206058182332788,0.0,0.0
588,0.0,1582080716.8488374,0.7780018001782678,0.0,0.0
589,0.0,3505486042.093114,1.5033024769219585,0.0,0.0
590,0.0,1230024135.1625023,0.5803693464074821,0.0,0.0
591,0.0,1582080716.8488374,0.7780018001782678,0.0,0.0
592,0.0,1583894017.3786478,0.778534328579919,0.0,0.0
593,0.0,1592883348.4218802,0.7841305386954619,0.006128738517194138,10802631.573042957
594,0.0,1233190939.4403396,0.5816678652643043,0.0007659904551710389,1353503.7480268597
595,0.0,3505486042.093114,1.5033024769219585,0.0,0.0
596,0.0,3468845540.9479566,1.4829737680267847,0.0,0.0
597,0.0,3468845540.9479566,1.4829737680267847,0.0,0.0
598,0.0,3468845540.9479566,1.4829737680267847,0.0,0.0
599,0.0,3468845540.9479566,1.4829737680267847,0.0,0.0
600,0.0,5714495032.199169,3.832753117149677,0.0,0.0
601,0.0,5470468450.149279,3.813585104244484,0.0,0.0
602,0.0,5714495032.199169,3.832753117149677,0.0,0.0
603,0.0,3455132479.2476425,1.4751519745863133,0.0,0.0
604,0.0,5714495032.199169,3.832753117149677,0.0,0.0
605,0.0,5714495032.199169,3.832753117149677,0.0,0.0
606,0.0,3482767286.802,1.4816187656524449,0.0,0.0
607,0.0,3278654075.5545783,1.3768789451516223,0.0,0.0
608,0.0,5470468450.149279,3.813585104244484,0.0,0.0
609,0.0,3145385986.5770006,1.3475354410788356,0.0,0.0
610,0.0,3278654075.5545783,1.3768789451516223,0.0,0.0
611,0.0,3278654075.5545783,1.3768789451516223,0.0,0.0
612,0.0,439384876.6002395,0.20408732959714648,0.0,0.0
613,0.0,360904233.30071676,0.16753977236759757,0.0,0.0
614,0.0,467077730.715358,0.20000039824821697,0.0,0.0
615,0.0,2739957477.310125,2.8078768690893092,0.0,0.0
616,0.0,612215280.6000173,0.3682115335728243,0.22060305582953785,382974107.36222494
617,0.0,439384876.6002395,0.20408732959714648,0.0,0.0
618,0.0,2705422453.8244796,2.8150310967366248,0.0,0.0
619,0.0,2564517380.559427,2.7483848270747187,0.0,0.0
620,0.0,177320390.63724715,0.10683190492360986,0.0,0.0
621,0.0,2723901263.976132,2.8014280242921177,0.0,0.0
622,0.0,2626941810.5249567,2.778483539507076,0.0,0.0
623,0.0,2626941810.5249567,2.778483539507076,0.0,0.0
624,0.0,362291902.91229767,0.19304402484615488,0.0028443390579799585,4913906.317770903
625,0.0,412969225.1480499,0.2017488296187171,0.0028443390579799585,4913906.317770903
626,0.0,369792703.35973006,0.19762584176319234,0.0028443390579799585,4913906.317770903
627,0.0,435145147.48721105,0.2774053987985038,0.0028443390579799585,4913906.317770903
628,0.0,396620315.2079491,0.20117118104437587,0.0,0.0
629,0.0,1748028871.2559652,0.950043932146708,0.7598442463585331,1390650874.6614385
630,0.0,1793109917.6338372,1.0028106722915957,0.7126963003778335,1316135557.4035425
631,0.0,1812668220.7729726,0.9795164293319613,0.7126963003778335,1316135557.4035425
632,0.0,1770933995.2946763,0.927154103111809,0.7126963003778335,1316135557.4035425
633,0.0,1855442019.8648787,1.0202746969734975,0.7598442463585331,1390650874.6614385
634,0.0,504033463.8168624,0.27140194587116523,0.0,0.0
635,0.0,1820169021.2204049,0.9840982462489987,0.7126963003778335,1316135557.4035425
636,0.0,3461458336.114987,1.478779899888187,0.0,0.0
637,0.0,3461452671.025804,1.4787753329097408,0.0,0.0
638,0.0,3455132479.2476425,1.4751519745863133,0.0,0.0
639,0.0,4579257175.690106,2.6504831256954864,0.0,0.0
640,0.0,3461458336.114987,1.478779899888187,0.0,0.0
641,0.0,3461458336.114987,1.478779899888187,0.0,0.0
642,0.0,4573046093.068979,2.647044596530764,0.0,0.0
643,0.0,4578979012.787794,2.650028893091782,0.0,0.0
644,0.0,3455132479.2476425,1.4751519745863133,0.0,0.0
645,0.0,4572782505.370613,2.646609634041212,0.0,0.0
646,0.0,4572782505.370613,2.646609634041212,0.0,0.0
647,0.0,4572782505.370613,2.646609634041212,0.0,0.0
648,0.0,2576799795.9520354,1.1081408996004918,0.0,0.0
649,0.0,633980987.1295543,0.27060811640950494,0.0,0.0
650,0.0,2576799795.9520354,1.1081408996004918,0.0,0.0
651,0.0,3366312392.739523,1.9937516362581431,0.0,0.0
652,0.0,2553716716.2950773,1.1013866009629778,0.0,0.0
653,0.0,2576799795.9520354,1.1081408996004918,0.0,0.0
654,0.0,3362773764.5350122,1.9927353791000812,0.0,0.0
655,0.0,1806329028.3234,1.6557019196305156,0.0,0.0
656,0.0,543084132.5670674,0.2438577630839207,0.0,0.0
657,0.0,1833250937.5200062,1.663438288151775,0.0,0.0
658,0.0,1806329028.3234,1.6557019196305156,0.0,0.0
659,0.0,1806329028.3234,1.6557019196305156,0.0,0.0
660,0.0,2138479515.8433414,1.6084221422988458,0.2539583340453177,482586005.44590604
661,0.0,2138479515.8433414,1.6084221422988458,0.2539583340453177,482586005.44590604
662,0.0,1186973843.547187,0.6587233477565347,0.0005499980997902398,1064742.034672592
663,0.0,1474019302.341191,0.8131858923167828,0.31868115033838773,599189813.1215107
664,0.0,2142018144.047852,1.6094383994569077,0.2539583340453177,482586005.44590604
665,0.0,1655893510.3974354,1.354463808253528,0.0,0.0
666,0.0,1185909101.5125146,0.6581733496567445,0.0,0.0
667,0.0,878368117.4241908,0.495520999136457,0.0,0.0
668,0.0,1185909101.5125146,0.6581733496567445,0.0,0.0
669,0.0,1185909101.5125146,0.6581733496567445,0.0,0.0
670,0.0,1186973843.547187,0.6587233477565347,0.0005499980997902398,1064742.034672592
671,0.0,1185909101.5125146,0.6581733496567445,0.0,0.0
672,0.0,277604568.09573513,0.2830975959539776,0.0,0.0
673,0.0,281879540.608436,0.28511720867642665,0.0,0.0
674,0.0,253173772.1489985,0.26996999864971405,0.0,0.0
675,0.0,277604568.09573513,0.2830975959539776,0.0,0.0
676,0.0,412470499.4161664,0.3221637100750682,0.0,0.0
677,0.0,294283559.9087616,0.292965327521471,0.009867731567493394,16678991.813026458
678,0.0,388105022.6361785,0.3090709517190943,0.0,0.0
679,0.0,416810791.095616,0.3242181617458069,0.0,0.0
680,0.0,392314675.98213065,0.3110557254932537,0.0,0.0
681,0.0,274127736.47472584,0.2818573429396565,0.009867731567493394,16678991.813026458
682,0.0,392379995.14887935,0.31109056444154337,0.0,0.0
683,0.0,392379995.14887935,0.31109056444154337,0.0,0.0
684,0.0,4023227223.528758,2.0845227019848727,0.0,0.0
685,0.0,3921722420.804224,1.9753327338474003,0.0,0.0
686,0.0,4023227223.528758,2.0845227019848727,0.0,0.0
687,0.0,5732264099.7848625,3.86207496305526,0.0,0.0
688,0.0,4021934651.5160413,2.0841722578060717,0.0,0.0
689,0.0,4023227223.528758,2.0845227019848727,0.0,0.0
690,0.0,5732264099.7848625,3.86207496305526,0.0,0.0
691,0.0,5726150677.863752,3.851986824515514,0.0,0.0
692,0.0,3920429848.7915072,1.9749822896685993,0.0,0.0
693,0.0,5726150677.863752,3.851986824515514,0.0,0.0
694,0.0,5726150677.863752,3.851986824515514,0.0,0.0
695,0.0,5726150677.863752,3.851986824515514,0.0,0.0
696,0.0,3455132479.2476425,1.4751519745863133,0.0,0.0
697,0.0,3455132479.2476425,1.4751519745863133,0.0,0.0
698,0.0,3455132479.2476425,1.4751519745863133,0.0,0.0
699,0.0,3493740639.7230206,1.5181997845279,0.0,0.0
700,0.0,3455132479.2476425,1.4751519745863133,0.0,0.0
701,0.0,3464879338.8077984,1.480728866754891,0.005576892168577658,9746859.560155833
702,0.0,3493740639.7230206,1.5181997845279,0.0,0.0
703,0.0,3493740639.7230206,1.5181997845279,0.0,0.0
704,0.0,3464879338.8077984,1.480728866754891,0.005576892168577658,9746859.560155833
705,0.0,3493740639.7230206,1.5181997845279,0.0,0.0
706,0.0,3493740639.7230206,1.5181997845279,0.0,0.0
707,0.0,3493740639.7230206,1.5181997845279,0.0,0.0
708,0.0,932449691.9487836,0.5194361751283617,0.0,0.0
709,0.0,690980006.421603,0.41065550680637564,0.0,0.0
710,0.0,1347804472.0416188,0.7242761404644653,0.0,0.0
711,0.0,903168798.3161304,0.4858964067782342,0.0,0.0
712,0.0,932449691.9487836,0.5194361751283617,0.0,0.0
713,0.0,932449691.9487836,0.5194361751283617,0.0,0.0
714,0.0,1347804472.0416188,0.7242761404644653,0.0,0.0
715,0.0,661699112.7889497,0.3771157384562482,0.0,0.0
716,0.0,1106334786.5144382,0.6154954721424791,0.0,0.0
717,0.0,1106334786.5144382,0.6154954721424791,0.0,0.0
718,0.0,1106334786.5144382,0.6154954721424791,0.0,0.0
719,0.0,1106334786.5144382,0.6154954721424791,0.0,0.0
720,0.0,2493025359.848148,2.7057287486586143,0.0,0.0
721,0.0,2465801832.5275235,2.6929186714640823,0.0,0.0
722,0.0,2501693481.114596,2.7110795275130877,0.0,0.0
723,0.0,539559302.1385438,0.5562609910931883,0.0,0.0
724,0.0,2493025359.848148,2.7057287486586143,0.0,0.0
725,0.0,2493025359.848148,2.7057287486586143,0.0,0.0
726,0.0,668244917.1693406,0.6441273216166568,0.09704003228944581,168842935.7149779
727,0.0,632353268.5822684,0.6259664655676517,0.09704003228944581,168842935.7149779
728,0.0,2474469953.7939715,2.6982694503185556,0.0,0.0
729,0.0,689846831.799345,0.6458417250425748,0.09704003228944581,168842935.7149779
730,0.0,472178454.1337383,0.5342772121326788,0.0,0.0
731,0.0,641021389.8487161,0.6313172444221246,0.09704003228944581,168842935.7149779
732,0.0,3712276546.81257,1.6111864567956293,0.0,0.0
733,0.0,3016902234.243576,1.4478557398618879,0.0,0.0
734,0.0,3484446693.507291,1.491715063642142,0.0,0.0
735,0.0,3712276546.81257,1.6111864567956293,0.0,0.0
736,0.0,3712276546.81257,1.6111864567956293,0.0,0.0
737,0.0,3712276546.81257,1.6111864567956293,0.0,0.0
738,0.0,3484446693.507291,1.491715063642142,0.0,0.0
739,0.0,3016902234.243576,1.4478557398618879,0.0,0.0
740,0.0,2412075805.9123588,1.1252970106087996,0.0,0.0
741,0.0,2411829892.5976048,1.125224016479956,0.0,0.0
742,0.0,2412075805.9123588,1.1252970106087996,0.0,0.0
743,0.0,2412075805.9123588,1.1252970106087996,0.0,0.0
744,0.0,1974713366.8343098,1.7348001859148565,0.1094012912170911,197600750.01087227
745,0.0,3588830137.5483947,1.6016994894271352,0.008499948938652309,15496133.069855962
746,0.0,2018927281.0809445,1.7614125593160723,0.1094012912170911,197600750.01087227
747,0.0,741736819.0700682,0.3285856706210851,0.1094012912170911,197600750.01087227
748,0.0,1974713366.8343098,1.7348001859148565,0.1094012912170911,197600750.01087227
749,0.0,1777112616.8234375,1.6253988946977653,0.0,0.0
750,0.0,588111603.5024438,0.24570276678385172,0.0,0.0
751,0.0,3471271035.678131,1.479477967353784,0.0,0.0
752,0.0,3573334004.4785385,1.593199540488483,0.0,0.0
753,0.0,3471271035.678131,1.479477967353784,0.0,0.0
754,0.0,3486767168.7479873,1.4879779162924363,0.008499948938652309,15496133.069855962
755,0.0,3471271035.678131,1.479477967353784,0.0,0.0
756,0.0,177320390.63724715,0.10683190492360986,0.0,0.0
757,0.0,296479110.5254431,0.16196644680249342,0.0,0.0
758,0.0,322949628.4593611,0.19059690379495697,0.0,0.0
759,0.0,1439777512.7293754,1.517337256279598,0.0,0.0
760,0.0,177320390.63724715,0.10683190492360986,0.0,0.0
761,0.0,1054891822.1804893,0.6031620112082633,0.49633010628465346,877571431.5432422
762,0.0,1715712019.8005226,1.6642327534101233,0.07622663300556198,138200568.15137148
763,0.0,1706250342.678535,1.6536827295445904,0.08121093138610898,147314110.06096363
764,0.0,1248737249.8462772,0.6971742093642588,0.4514427636904182,806628901.4987202
765,0.0,1834870739.6887183,1.7193672952890071,0.07622663300556198,138200568.15137148
766,0.0,1696670171.5373468,1.6431406622834452,0.0,0.0
767,0.0,1834870739.6887183,1.7193672952890071,0.07622663300556198,138200568.15137148
768,0.0,1452402876.599215,1.4981382075587708,0.0,0.0
769,0.0,1452402876.599215,1.4981382075587708,0.0,0.0
770,0.0,1556117343.086684,1.5523839629810152,0.0,0.0
771,0.0,2543292220.59158,2.7320532025777973,0.0,0.0
772,0.0,1337680535.513751,1.4658580558824446,0.0,0.0
773,0.0,1452402876.599215,1.4981382075587708,0.0,0.0
774,0.0,2628559299.7968006,2.7812500945321674,0.0,0.0
775,0.0,2524844833.309332,2.7270043391099223,0.0,0.0
776,0.0,1441395002.00122,1.520103811304689,0.0,0.0
777,0.0,2647006687.0790486,2.7862989580000423,0.0,0.0
778,0.0,2628559299.7968006,2.7812500945321674,0.0,0.0
779,0.0,2628559299.7968006,2.7812500945321674,0.0,0.0
780,0.0,555510448.1271249,0.28114947793919437,0.0195614421997409,33916457.44706312
781,0.0,834655508.4347672,0.39131213039684537,0.0,0.0
782,0.0,640619277.1568468,0.32802339262429636,0.15899278200073552,274782624.7517383
783,0.0,568071176.199537,0.2957490880007867,0.0195614421997409,33916457.44706312
784,0.0,624864684.6213166,0.3016549199125627,0.0195614421997409,33916457.44706312
785,0.0,1403660007.0920944,0.7607619928241509,0.49917395708469736,882066016.4120326
786,0.0,1344723665.1162257,0.7102666002413547,0.5037880061651646,889358324.1451259
787,0.0,1746779019.779289,0.8922406154747414,0.4858851956162004,861063695.8190019
788,0.0,1635800847.6507542,0.8249928029723894,0.4921953707931672,871036658.4896781
789,0.0,1592828904.6891234,0.8173585915109443,0.5016720395585939,886006823.5228226
790,0.0,791999051.151149,0.34849141934295047,0.015693987163728336,27234861.99007294
791,0.0,1635800847.6507542,0.8249928029723894,0.4921953707931672,871036658.4896781
792,0.0,4005829822.7534375,2.0575966761085223,0.0,0.0
793,0.0,4005868151.400858,2.0576599245985183,0.0,0.0
794,0.0,4188533843.143993,2.106518148914567,0.0,0.0
795,0.0,3498256118.1408596,1.499092791696543,0.02350062920792228,41622167.90886097
796,0.0,4005829822.7534375,2.0575966761085223,0.0,0.0
797,0.0,4005829822.7534375,2.0575966761085223,0.0,0.0
798,0.0,3712276564.5333376,1.6111864710814352,0.0,0.0
799,0.0,3461520331.6422415,1.4769781591479334,0.0,0.0
800,0.0,4195594738.374966,2.1138463882251113,0.0,0.0
801,0.0,3712336613.19776,1.6112348800203347,0.0,0.0
802,0.0,3712336613.19776,1.6112348800203347,0.0,0.0
803,0.0,3712336613.19776,1.6112348800203347,0.0,0.0
804,0.0,380518534.85512084,0.21751512085124405,0.0,0.0
805,0.0,611239834.2027377,0.32092142604705043,0.0,0.0
806,0.0,182426434.92011896,0.15375698803592686,0.0014556841900854195,2436195.826783566
807,0.0,409799428.4877741,0.25105488920137153,0.0,0.0
808,0.0,380518534.85512084,0.21751512085124405,0.0,0.0
809,0.0,380518534.85512084,0.21751512085124405,0.0,0.0
810,0.0,438281544.60401887,0.44706080377964147,0.0,0.0
811,0.0,640520727.8353909,0.3544611943971779,0.0,0.0
812,0.0,325912817.6107943,0.16770568393449453,0.0,0.0
813,0.0,631990399.3806751,0.5185261553767155,0.0,0.0
814,0.0,631990399.3806751,0.5185261553767155,0.0,0.0
815,0.0,631990399.3806751,0.5185261553767155,0.0,0.0
816,0.0,346152384.54821426,0.15703249195893404,0.0,0.0
817,0.0,81500699.45574154,0.08698243896334149,0.0,0.0
818,0.0,975733348.8460343,0.5185321061705614,0.0,0.0
819,0.0,362402460.0988494,0.1761212710716832,0.0,0.0
820,0.0,524755504.54910004,0.20734916160434325,0.0,0.0
821,0.0,856348347.9395826,0.45131653221092655,0.2942840402519925,510195963.39136827
822,0.0,1112790810.450219,0.5550738337522655,0.0,0.0
823,0.0,370020946.52920157,0.21388993600573686,0.053237344569837405,93506034.48599638
824,0.0,768124490.995528,0.39984187869646076,0.0,0.0
825,0.0,666268854.0418359,0.3834362146345723,0.020136063519815554,35201824.65049247
826,0.0,768124490.995528,0.39984187869646076,0.0,0.0
827,0.0,768124490.995528,0.39984187869646076,0.0,0.0
828,0.0,3974734403.482272,1.7470807241051634,0.0,0.0
829,0.0,3697979327.0975595,1.724297871390572,0.00035086205783274593,697411.0257036552
830,0.0,3619503214.3915405,1.5640631686393769,0.08891119405306365,164370735.14389807
831,0.0,3974734403.482272,1.7470807241051634,0.0,0.0
832,0.0,3974734403.482272,1.7470807241051634,0.0,0.0
833,0.0,3974734403.482272,1.7470807241051634,0.0,0.0
834,0.0,3559029294.307752,1.5896287736394246,0.0,0.0
835,0.0,3697281916.071856,1.7239470093327391,0.0,0.0
836,0.0,2553716716.2950773,1.1013866009629778,0.0,0.0
837,0.0,3266717362.769986,1.887191507415772,0.0,0.0
838,0.0,4314964475.262561,2.4303872219502614,0.5431957145344893,1048247112.4925747
839,0.0,3266717362.769986,1.887191507415772,0.0,0.0
840,0.0,3455132479.2476425,1.4751519745863133,0.0,0.0
841,0.0,3455132479.2476425,1.4751519745863133,0.0,0.0
842,0.0,3455132479.2476425,1.4751519745863133,0.0,0.0
843,0.0,5740634124.449917,3.8758868624287697,0.0,0.0
844,0.0,3455132479.2476425,1.4751519745863133,0.0,0.0
845,0.0,3455132479.2476425,1.4751519745863133,0.0,0.0
846,0.0,5740634124.449917,3.8758868624287697,0.0,0.0
847,0.0,4573035326.620065,2.647026830142376,0.0,0.0
848,0.0,3455132479.2476425,1.4751519745863133,0.0,0.0
849,0.0,4573035326.620065,2.647026830142376,0.0,0.0
850,0.0,4573035326.620065,2.647026830142376,0.0,0.0
851,0.0,4573035326.620065,2.647026830142376,0.0,0.0
852,0.0,2640476206.151537,2.7832694492568,0.0,0.0
853,0.0,2698045112.5472965,2.810187666313087,0.0,0.0
854,0.0,2530143523.066149,2.726037351307211,0.0,0.0
855,0.0,352290389.9682981,0.15578032118633378,0.0,0.0
856,0.0,2627729584.1891603,2.779822344697683,0.0,0.0
857,0.0,2640476206.151537,2.7832694492568,0.0,0.0
858,0.0,297067898.8924398,0.22299538402557878,0.05534584975149851,94412559.1472589
859,0.0,240363002.3981581,0.13538310360129152,0.0,0.0
860,0.0,2574965807.499532,2.749508463804381,0.0,0.0
861,0.0,398082343.9116439,0.2326218142488462,0.0,0.0
862,0.0,340510899.5353564,0.24166829855243935,0.047100547222071985,80286653.39441574
863,0.0,354636805.28819954,0.24991360108186586,0.05534584975149851,94412559.1472589
864,0.0,399520188.03418624,0.29081487318465316,0.12926100430703716,222312070.86069
865,0.0,548147001.7552865,0.346026202155147,0.12768228146385818,219842532.53450972
866,0.0,631067029.3913435,0.3633001511147567,0.0,0.0
867,0.0,350464818.8056562,0.23333511904332768,0.12926100430703716,222312070.86069
868,0.0,350395993.1353889,0.20702526372042307,0.0,0.0
869,0.0,190195136.76657516,0.16929383342476906,0.00773996454715304,12987019.593078904
870,0.0,787421563.2373909,0.40162791128826236,0.0,0.0
871,0.0,452175350.84802145,0.20669821731411625,0.0,0.0
872,0.0,960605298.1006372,0.48097367560120213,0.0,0.0
873,0.0,804250764.2545898,0.4426459154276965,0.0,0.0
874,0.0,960605298.1006372,0.48097367560120213,0.0,0.0
875,0.0,960605298.1006372,0.48097367560120213,0.0,0.0
876,0.0,3956481731.4233294,2.3990101608715966,0.0,0.0
877,0.0,3646481222.362501,1.6635767842920504,0.0,0.0
878,0.0,3504435710.125225,2.144903045688504,0.0,0.0
879,0.0,3188387097.464064,1.5602908671267215,0.0,0.0
880,0.0,3956481731.4233294,2.3990101608715966,0.0,0.0
881,0.0,3956481731.4233294,2.3990101608715966,0.0,0.0
882,0.0,2751011539.3243876,1.3223275798326153,0.0,0.0
883,0.0,3520793310.179667,1.5272149495434781,0.0,0.0
884,0.0,3609161888.6634316,1.643478553544552,0.0,0.0
885,0.0,3482925995.503566,1.5062124612320849,0.0,0.0
886,0.0,3482925995.503566,1.5062124612320849,0.0,0.0
887,0.0,3482925995.503566,1.5062124612320849,0.0,0.0
888,0.0,3477214477.4884143,1.480704376919984,0.0,0.0
889,0.0,2042713298.0074205,0.8585096292687332,0.0,0.0
890,0.0,3478158544.321001,1.481254646630807,0.0,0.0
891,0.0,5714737427.5043745,3.83315310875043,0.0,0.0
892,0.0,3455132479.2476425,1.4751519745863133,0.0,0.0
893,0.0,3506530648.05655,1.49650906361368,0.01580468669369603,29316170.56813565
894,0.0,5715696512.437435,3.833686456264463,0.0,0.0
895,0.0,4266835588.9655876,3.4151850054167956,0.0,0.0
896,0.0,3097256801.0733957,1.4840322254803446,0.6319567747836117,1169129935.113036
897,0.0,4336771694.537976,3.4560165805010383,0.0,0.0
898,0.0,4336771694.537976,3.4560165805010383,0.0,0.0
899,0.0,4336771694.537976,3.4560165805010383,0.0,0.0
900,0.0,1078295574.5931063,0.8595838008229474,0.19660417553366158,343270739.83401483
901,0.0,905111839.7298601,0.7802380365100077,0.19660417553366158,343270739.83401483
902,0.0,1047341567.9175568,0.8427101515971409,0.19660417553366158,343270739.83401483
903,0.0,885264854.1962061,0.5635749895289932,0.2743446518001326,477301010.08176327
904,0.0,1129870602.4018016,0.8748854530473159,0.19660417553366158,343270739.83401483
905,0.0,735024834.7590915,0.6629796252892858,0.0,0.0
906,0.0,503147756.62114453,0.36793657167698224,0.0,0.0
907,0.0,289496955.2670994,0.22617592752603743,0.0,0.0
908,0.0,582462121.028991,0.5820618639749081,0.0,0.0
909,0.0,275049128.2294514,0.2722068580032236,0.0,0.0
910,0.0,733784749.9110928,0.5203860071407389,0.23179519977669638,403820728.1531944
911,0.0,329964021.7578983,0.2885908073640425,0.0,0.0
912,0.0,2584592299.8700895,2.7520465394586373,0.0,0.0
913,0.0,2520189632.47766,2.722272726638363,0.0,0.0
914,0.0,2673815805.315924,2.799387929621066,0.0,0.0
915,0.0,2040399361.7881818,2.11632990463961,0.06975126202893284,125025308.31648457
916,0.0,2584592299.8700895,2.7520465394586373,0.0,0.0
917,0.0,2584592299.8700895,2.7520465394586373,0.0,0.0
918,0.0,2004597558.9175317,2.093920032773106,0.0,0.0
919,0.0,1850971386.079268,2.0168048297904027,0.0,0.0
920,0.0,2609413137.923495,2.7696141168007915,0.0,0.0
921,0.0,1940194891.5251026,2.064146219952831,0.0,0.0
922,0.0,2046353807.574653,2.1229853118315454,0.058839091878714465,106158916.04955038
923,0.0,1940194891.5251026,2.064146219952831,0.0,0.0
924,0.0,3461521720.3872313,1.4769786447532804,0.0,0.0
925,0.0,3461573454.782948,1.476996734826955,0.0,0.0
926,0.0,3461521720.3872313,1.4769786447532804,0.0,0.0
927,0.0,3461521720.3872313,1.4769786447532804,0.0,0.0
928,0.0,3458277629.4452085,1.4760653790519567,0.0,0.0
929,0.0,3461521720.3872313,1.4769786447532804,0.0,0.0
930,0.0,3458277629.4452085,1.4760653790519567,0.0,0.0
931,0.0,3458301833.9576473,1.4760738426941276,0.0,0.0
932,0.0,3458301833.9576473,1.4760738426941276,0.0,0.0
933,0.0,3461573454.782948,1.476996734826955,0.0,0.0
934,0.0,3458301833.9576473,1.4760738426941276,0.0,0.0
935,0.0,3458301833.9576473,1.4760738426941276,0.0,0.0
936,0.0,1525316769.6087885,1.0595171241193206,0.0,0.0
937,0.0,3483125506.3098226,1.506541686448284,0.0,0.0
938,0.0,1942163879.7755973,1.0391611630006665,0.0,0.0
939,0.0,962968905.2581798,0.4263698403318333,0.0,0.0
940,0.0,1654474768.2108924,1.0962630508775273,0.0,0.0
941,0.0,1525316769.6087885,1.0595171241193206,0.0,0.0
942,0.0,1840683328.9898741,0.9167359853162349,0.0,0.0
943,0.0,3474509967.4643183,1.4805984638593863,0.0,0.0
944,0.0,3781474143.695565,1.6547252499232667,0.0,0.0
945,0.0,3781474143.695565,1.6547252499232667,0.0,0.0
946,0.0,3781474143.695565,1.6547252499232667,0.0,0.0
947,0.0,3781474143.695565,1.6547252499232667,0.0,0.0
948,0.0,1185909101.5125146,0.6581733496567445,0.0,0.0
949,0.0,1213132628.833139,0.6709834268512767,0.0,0.0
950,0.0,148488223.12937656,0.08001470922122211,0.0,0.0
951,0.0,1185909101.5125146,0.6581733496567445,0.0,0.0
952,0.0,1185909101.5125146,0.6581733496567445,0.0,0.0
953,0.0,1185909101.5125146,0.6581733496567445,0.0,0.0
954,0.0,997633979.6107042,0.7715422531056944,0.3593707032218389,630869713.8590094
955,0.0,1213132628.833139,0.6709834268512767,0.0,0.0
956,0.0,804433105.5204303,0.47750050838384694,0.40785466396537984,707103269.8000513
957,0.0,960994598.7835886,0.7227454192665714,0.2711983202055634,476673778.1409223
958,0.0,393987793.07231927,0.42498162707838755,0.0,0.0
959,0.0,1024857506.9313287,0.7843523303002264,0.3593707032218389,630869713.8590094
960,0.0,1805251707.3955784,1.9928015534705952,0.0,0.0
961,0.0,3609987193.777386,1.6448404409514041,0.0,0.0
962,0.0,1833954752.217418,2.009557453314741,0.0,0.0
963,0.0,158220997.2353775,0.13106528571014278,0.03614786917402853,60495010.59118733
964,0.0,1805251707.3955784,1.9928015534705952,0.0,0.0
965,0.0,1805251707.3955784,1.9928015534705952,0.0,0.0
966,0.0,116616579.89112687,0.09038942641984338,0.00773996454715304,12987019.593078904
967,0.0,3455132479.2476425,1.4751519745863133,0.0,0.0
968,0.0,3609987193.777386,1.6448404409514041,0.0,0.0
969,0.0,3455132479.2476425,1.4751519745863133,0.0,0.0
970,0.0,3455132479.2476425,1.4751519745863133,0.0,0.0
971,0.0,3455132479.2476425,1.4751519745863133,0.0,0.0
972,0.0,2525692255.702328,1.167412495019193,0.0,0.0
973,0.0,756967879.7458707,0.40851685595809795,0.0,0.0
974,0.0,1980265582.5655391,0.8503227031925754,0.0,0.0
975,0.0,2622496757.303532,1.2769243346675896,0.0,0.0
976,0.0,2618291786.068598,1.1882024644411469,0.0,0.0
977,0.0,2525692255.702328,1.167412495019193,0.0,0.0
978,0.0,2168015391.0283065,0.9922809216588342,0.0,0.0
979,0.0,946915728.3303847,0.538936982828786,0.0,0.0
980,0.0,481616943.6058342,0.2295122151046312,0.0,0.0
981,0.0,1028894179.7119523,0.9042985200661591,0.015188446244917253,26641374.369875945
982,0.0,1076524165.604647,0.9062948794673514,0.0,0.0
983,0.0,1076524165.604647,0.9062948794673514,0.0,0.0
984,0.0,3464834004.9806175,1.4807001827619393,0.005548208175626035,9701525.732975146
985,0.0,746645944.7368877,0.6923043929971953,0.1468339817392411,255971339.2400846
986,0.0,3464834004.9806175,1.4807001827619393,0.005548208175626035,9701525.732975146
987,0.0,3641332128.3907247,1.6777841155037798,0.0,0.0
988,0.0,3465069375.9585238,1.480769490529946,0.005548208175626035,9701525.732975146
989,0.0,3455132479.2476425,1.4751519745863133,0.0,0.0
990,0.0,3641332128.3907247,1.6777841155037798,0.0,0.0
991,0.0,2010924500.7616417,2.2024905706628313,0.0,0.0
992,0.0,557936063.5445402,0.5696378772839551,0.008635861845948799,14930849.264905002
993,0.0,2010924500.7616417,2.2024905706628313,0.0,0.0
994,0.0,2010924500.7616417,2.2024905706628313,0.0,0.0
995,0.0,2010924500.7616417,2.2024905706628313,0.0,0.0
996,0.0,399836790.0986633,0.2232319624879659,0.0,0.0
997,0.0,3461478059.9513564,1.4787958004914534,0.0,0.0
998,0.0,1243478007.9082744,0.6850915667130315,0.0,0.0
999,0.0,399836790.0986633,0.2232319624879659,0.0,0.0
1000,0.0,380518534.85512084,0.21751512085124405,0.0,0.0
1001,0.0,399836790.0986633,0.2232319624879659,0.0,0.0
1002,0.0,1243478007.9082744,0.6850915667130315,0.0,0.0
1003,0.0,3461478059.9513564,1.4787958004914534,0.0,0.0
1004,0.0,4507602131.007343,2.024239045636328,0.0,0.0
1005,0.0,4507602131.007343,2.024239045636328,0.0,0.0
1006,0.0,4507602131.007343,2.024239045636328,0.0,0.0
1007,0.0,4507602131.007343,2.024239045636328,0.0,0.0
1008,0.0,346634286.13975745,0.2070416745568632,0.006534583388390757,11124962.088150805
1009,0.0,3456634039.474558,1.4755921936942518,0.0,0.0
1010,0.0,317565906.1983629,0.2089097141308748,0.006534583388390757,11124962.088150805
1011,0.0,2648824281.10668,2.7850265545237116,0.0,0.0
1012,0.0,350369318.1734916,0.20475755526702824,0.0,0.0
1013,0.0,1229755091.5467954,0.7074054299737272,0.5068983388052548,894245767.4951887
1014,0.0,2584712698.435544,2.747463577868551,0.0,0.0
1015,0.0,4572828445.15037,2.6466854421350496,0.0,0.0
1016,0.0,3517588611.725573,1.5093178495174984,0.03325248363241559,59311019.93528355
1017,0.0,4572828445.15037,2.6466854421350496,0.0,0.0
1018,0.0,4572828445.15037,2.6466854421350496,0.0,0.0
1019,0.0,4572828445.15037,2.6466854421350496,0.0,0.0
1020,0.0,5714832131.151655,3.833309385141347,0.0,0.0
1021,0.0,2683750296.529881,2.8036092659471836,0.0,0.0
1022,0.0,5728389003.690397,3.8408370234897644,0.0,0.0
1023,0.0,3455132479.2476425,1.4751519745863133,0.0,0.0
1024,0.0,5714832131.151655,3.833309385141347,0.0,0.0
1025,0.0,5714832131.151655,3.833309385141347,0.0,0.0
1026,0.0,3468888689.761652,1.4830085529517427,0.0,0.0
1027,0.0,318141771.30579937,0.22598220068539504,0.0,0.0
1028,0.0,2874192549.4979057,2.8883436740586443,0.0,0.0
1029,0.0,444233166.92137754,0.2481788371782218,0.0,0.0
1030,0.0,444233166.92137754,0.2481788371782218,0.0,0.0
1031,0.0,444233166.92137754,0.2481788371782218,0.0,0.0
1032,0.0,3816527300.9505053,1.6654787563413997,0.18243525864544477,333500570.532009
1033,0.0,1236190662.6635652,0.6564923834410902,0.5801303385137746,1051407338.7354503
1034,0.0,3816527300.9505053,1.6654787563413997,0.18243525864544477,333500570.532009
1035,0.0,3816527300.9505053,1.6654787563413997,0.18243525864544477,333500570.532009
1036,0.0,3795101960.2229323,1.66168029558937,0.1865283210030565,339969480.97528994
1037,0.0,3483026730.418496,1.483043497695955,0.0,0.0
1038,0.0,3455132479.2476425,1.4751519745863133,0.0,0.0
1039,0.0,179345114.93914104,0.1437130285325514,0.04270218634366685,71599441.58884677
1040,0.0,73143906.32369323,0.04386238492342748,0.0,0.0
1041,0.0,246751584.41761315,0.126780242596222,0.0,0.0
1042,0.0,1313191427.839574,0.7634563182241902,0.676568913958,1203687356.0494218
1043,0.0,109504071.79015228,0.08688740426619027,0.0,0.0
1044,0.0,892201150.1619684,0.6562912078502143,0.0,0.0
1045,0.0,1848322944.739989,1.0758005071672785,0.0,0.0
1046,0.0,999180952.4603031,1.001826527146718,0.0,0.0
1047,0.0,868712661.77634,0.6302032976327052,0.0,0.0
1048,0.0,936049030.3777604,0.6684340394717816,0.0,0.0
1049,0.0,892201150.1619684,0.6562912078502143,0.0,0.0
1050,0.0,1000289959.3468268,0.8898848710053461,0.005328340019708593,9285294.755039606
1051,0.0,1868682336.5701525,1.0618554285713369,0.0,0.0
1052,0.0,2007895588.7908478,1.389324404905086,0.0,0.0
1053,0.0,1717981917.703977,1.172446158158735,0.0,0.0
1054,0.0,1847787376.1040294,1.2093646922627026,0.0,0.0
1055,0.0,1847787376.1040294,1.2093646922627026,0.0,0.0
1056,0.0,606404268.9654875,0.36911156996669436,0.3060561536303561,528651695.12010723
1057,0.0,3476392265.5257416,1.4873070290731836,0.012155054486870282,21259786.278098892
1058,0.0,619975636.2697955,0.392046936296898,0.3212160916782189,552378012.0759499
1059,0.0,2509503285.2537932,2.7186376530118976,0.0,0.0
1060,0.0,615829478.7542584,0.3502329713595952,0.26312901410176215,458956062.6748389
1061,0.0,188354393.37607172,0.12831548980276955,0.06526007346643126,110601819.53069142
1062,0.0,2474469953.7939715,2.6982694503185556,0.0,0.0
1063,0.0,5751137239.073193,3.8932187064902055,0.0,0.0
1064,0.0,3456681204.451912,1.4756086859699105,0.0,0.0
1065,0.0,5751137239.073193,3.8932187064902055,0.0,0.0
1066,0.0,5751137239.073193,3.8932187064902055,0.0,0.0
1067,0.0,5751137239.073193,3.8932187064902055,0.0,0.0
1068,0.0,3545327971.9653425,1.574893671099759,0.0,0.0
1069,0.0,1457740385.5640764,1.5236404499002152,0.0,0.0
1070,0.0,3568761936.2024503,1.5763990965937997,0.0,0.0
1071,0.0,3458353840.2076087,1.4760920278276408,0.0,0.0
1072,0.0,3545118786.027422,1.5748335195091068,0.0,0.0
1073,0.0,3545327971.9653425,1.574893671099759,0.0,0.0
1074,0.0,3499285153.099202,1.5000856161919747,0.0,0.0
1075,0.0,177320390.63724715,0.10683190492360986,0.0,0.0
1076,0.0,1758407323.9830856,1.6090826273914556,0.0,0.0
1077,0.0,636447731.7430049,0.3648744559223909,0.0,0.0
1078,0.0,631067029.3913435,0.3633001511147567,0.0,0.0
1079,0.0,631067029.3913435,0.3633001511147567,0.0,0.0
1080,0.0,3455132479.2476425,1.4751519745863133,0.0,0.0
1081,0.0,250890056.87420893,0.18417243647692355,0.031077417489783297,52187160.43050356
1082,0.0,3455132479.2476425,1.4751519745863133,0.0,0.0
1083,0.0,3455132479.2476425,1.4751519745863133,0.0,0.0
1084,0.0,3455132479.2476425,1.4751519745863133,0.0,0.0
1085,0.0,3475806198.910895,1.4869362081719957,0.01178423358568244,20673719.66325246
1086,0.0,3475806198.910895,1.4869362081719957,0.01178423358568244,20673719.66325246
1087,0.0,824401642.2760808,0.5175806203537563,0.3683519135246777,637393610.2179682
1088,0.0,817887291.2589542,0.48486519975973635,0.34463256651100643,600192452.0320253
1089,0.0,822750507.1445373,0.4864737377364924,0.34463256651100643,600192452.0320253
1090,0.0,217694839.22692883,0.14023263324872992,0.0,0.0
1091,0.0,817887291.2589542,0.48486519975973635,0.34463256651100643,600192452.0320253
1092,0.0,3302856672.7154527,2.75088423128925,0.0,0.0
1093,0.0,4911823350.541825,2.80789390817072,0.0,0.0
1094,0.0,2963605422.1740723,2.9397294346643825,0.0,0.0
1095,0.0,1384838774.2418551,0.7487503806890874,0.0,0.0
1096,0.0,3302856672.7154527,2.75088423128925,0.0,0.0
1097,0.0,3302856672.7154527,2.75088423128925,0.0,0.0
1098,0.0,1871272293.991224,1.7055873248479914,0.0,0.0
1099,0.0,3809337683.940208,1.6614599035022999,0.0,0.0
1100,0.0,4579356948.417946,2.6506477668921726,0.0,0.0
1101,0.0,3526703968.0784097,1.5467028083858714,0.0,0.0
1102,0.0,3525503184.4530215,1.5463733468626424,0.0,0.0
1103,0.0,3525503184.4530215,1.5463733468626424,0.0,0.0
1104,0.0,526292138.3100397,0.3815560094630799,0.0,0.0
1105,0.0,771536356.4814782,0.4564950498996241,0.0,0.0
1106,0.0,526292138.3100397,0.3815560094630799,0.0,0.0
1107,0.0,311137817.6136197,0.13125941117201806,0.0,0.0
1108,0.0,347661899.0499072,0.3436694763487494,0.018804319803818588,32122305.34013572
1109,0.0,526292138.3100397,0.3815560094630799,0.0,0.0
1110,0.0,428999614.4012229,0.26389933100510576,0.18613511318707682,317690442.98999923
1111,0.0,582134801.0682336,0.29395359692971224,0.13692110497077817,235982416.52001938
1112,0.0,702422937.4255996,0.48296260374308353,0.08441765027217073,145872651.5331829
1113,0.0,561427419.7447143,0.2151018750117453,0.0,0.0
1114,0.0,389057875.5431204,0.18217633740998004,0.025143845451045994,42905490.99490616
1115,0.0,582134801.0682336,0.29395359692971224,0.13692110497077817,235982416.52001938
1116,0.0,3477417402.1730275,1.4877882255031982,0.0,0.0
1117,0.0,438356856.61797166,0.25566026811767917,0.0,0.0
1118,0.0,3455132479.2476425,1.4751519745863133,0.0,0.0
1119,0.0,3477417402.1730275,1.4877882255031982,0.0,0.0
1120,0.0,3490597737.940778,1.4913162492362024,0.0,0.0
1121,0.0,3477417402.1730275,1.4877882255031982,0.0,0.0
1122,0.0,3469120390.1038795,1.4789623847789664,0.0,0.0
1123,0.0,631330827.859415,0.34977424238608895,0.0,0.0
1124,0.0,311418471.4899438,0.14504984863636886,0.0,0.0
1125,0.0,450602833.5837655,0.4585058747179376,0.0,0.0
1126,0.0,628004801.7820754,0.5083842913468403,0.0,0.0
1127,0.0,628004801.7820754,0.5083842913468403,0.0,0.0
1128,0.0,3157273265.906748,2.984007215891876,0.0,0.0
1129,0.0,2690580635.967019,2.801936011061034,0.0,0.0
1130,0.0,3150278852.228508,2.9797606313478107,0.0,0.0
1131,0.0,3157273265.906748,2.984007215891876,0.0,0.0
1132,0.0,3157273265.906748,2.984007215891876,0.0,0.0
1133,0.0,3157273265.906748,2.984007215891876,0.0,0.0
1134,0.0,3150278852.228508,2.9797606313478107,0.0,0.0
1135,0.0,2690580635.967019,2.801936011061034,0.0,0.0
1136,0.0,2649637281.572996,2.7770657247603667,0.0,0.0
1137,0.0,2649637281.572996,2.7770657247603667,0.0,0.0
1138,0.0,2649637281.572996,2.7770657247603667,0.0,0.0
1139,0.0,2649637281.572996,2.7770657247603667,0.0,0.0
1140,0.0,1187856691.002344,0.7321136613621968,0.5032930543689172,888576073.9461491
1141,0.0,3514411069.33568,1.5083839389383664,0.03323196435205317,59278590.0880377
1142,0.0,1244416647.4864526,0.6882483812062593,0.01726495435498266,31284018.653313607
1143,0.0,1121670304.3642983,0.6552152580702572,0.5043016409106816,890170101.9483953
1144,0.0,1187856691.002344,0.7321136613621968,0.5032930543689172,888576073.9461491
1145,0.0,1756886337.6038637,1.0310290755433995,0.8022084685501198,1457605720.547669
1146,0.0,1370514455.3478453,0.7547649832671002,0.08378155641582348,157381826.51470634
1147,0.0,3613184421.8340883,1.5600650901083426,0.08491311552202928,158051942.5864458
1148,0.0,3596340872.416759,1.5513592742177154,0.0,0.0
1149,0.0,3596340872.416759,1.5513592742177154,0.0,0.0
1150,0.0,3596340872.416759,1.5513592742177154,0.0,0.0
1151,0.0,3596340872.416759,1.5513592742177154,0.0,0.0
1152,0.0,265360466.27742767,0.20296393830185688,0.07267142626931214,123148116.51952578
1153,0.0,3455132479.2476425,1.4751519745863133,0.0,0.0
1154,0.0,273707690.0056372,0.2079893745025059,0.07267142626931214,123148116.51952578
1155,0.0,293648392.3648028,0.2360955180622713,0.07267142626931214,123148116.51952578
1156,0.0,336531967.1955701,0.18208105960708398,0.0,0.0
1157,0.0,142212349.75790188,0.13029251203254474,0.0,0.0
1158,0.0,373167117.0111548,0.22023807556814745,0.0,0.0
1159,0.0,3512685172.4202037,1.486805734103591,0.0,0.0
1160,0.0,3512685172.4202037,1.486805734103591,0.0,0.0
1161,0.0,3455132479.2476425,1.4751519745863133,0.0,0.0
1162,0.0,3512685172.4202037,1.486805734103591,0.0,0.0
1163,0.0,3512685172.4202037,1.486805734103591,0.0,0.0
1164,0.0,1255101058.455116,0.7467150601262177,0.0,0.0
1165,0.0,773934352.0039103,0.5344798694309119,0.0,0.0
1166,0.0,1724644714.3594801,0.8973267574083374,0.0,0.0
1167,0.0,3363642332.4298906,3.109284543202001,0.0,0.0
1168,0.0,1150622746.5851178,0.7173511132923007,0.0,0.0
1169,0.0,1813749701.6079025,1.057333996307555,0.3106189361813372,558648643.1527864
1170,0.0,2638939741.9923277,1.8566958207539528,0.0,0.0
1171,0.0,2879230240.968244,2.896167478931215,0.0,0.0
1172,0.0,1243478007.9082744,0.6850915667130315,0.0,0.0
1173,0.0,2157773035.5411224,1.6444606300586468,0.0,0.0
1174,0.0,2157773035.5411224,1.6444606300586468,0.0,0.0
1175,0.0,2157773035.5411224,1.6444606300586468,0.0,0.0
1176,0.0,3803827870.00708,1.6559830133175009,0.18083103873118767,348695390.75943756
1177,0.0,1657488010.7104032,0.9740365030871532,0.8315549685751171,1503849574.8567662
1178,0.0,3803827870.00708,1.6559830133175009,0.18083103873118767,348695390.75943756
1179,0.0,3843877792.7556314,1.7031329538154705,0.1774352547860658,343328499.10070854
1180,0.0,3803827870.00708,1.6559830133175009,0.18083103873118767,348695390.75943756
1181,0.0,3455132479.2476425,1.4751519745863133,0.0,0.0
1182,0.0,3500549293.654923,1.5256976990294047,0.0,0.0
1183,0.0,939883993.0264864,1.027900457255925,0.0,0.0
1184,0.0,466221867.83738077,0.34267901025455016,0.17971648766186266,307641798.3110602
1185,0.0,915280123.0047147,1.0144638414220415,0.0,0.0
1186,0.0,2256272009.6132913,1.7428874433770987,0.7284236019550571,1340991886.6085765
1187,0.0,915280123.0047147,1.0144638414220415,0.0,0.0
1188,0.0,1990009190.717722,2.09206057243156,0.0,0.0
1189,0.0,4238596699.561003,2.5261985917391234,0.0,0.0
1190,0.0,1990009190.717722,2.09206057243156,0.0,0.0
1191,0.0,276478323.2018231,0.14094073284414477,0.0,0.0
1192,0.0,1990009190.717722,2.09206057243156,0.0,0.0
1193,0.0,1990009190.717722,2.09206057243156,0.0,0.0
1194,0.0,264829229.4306755,0.13753621223566379,0.0,0.0
1195,0.0,3152576968.4850125,1.3496541552461188,0.0,0.0
1196,0.0,4238596699.561003,2.5261985917391234,0.0,0.0
1197,0.0,3156199249.8753176,1.35070682017735,0.0,0.0
1198,0.0,3152576968.4850125,1.3496541552461188,0.0,0.0
1199,0.0,3152576968.4850125,1.3496541552461188,0.0,0.0
