,A.1 Total Costs,A.1_Expected Number of Deaths,A.2 Total Costs,A.2_Expected Number of Deaths,A.3 Total Costs,A.3_Expected Number of Deaths,A.4 Total Costs,A.4_Expected Number of Deaths,A.5 Total Costs,A.5_Expected Number of Deaths,RfR Total Costs,Expected Evacuation Costs,Total Expected Deaths
0,903894495.8399665,0.6705687036516796,0.0,0.0,0.0,0.0,0.0,0.0,568828304.09034,0.5404862538240834,0.0,0.0,1.211054957475763
1,1415348210.8315322,0.9387113343924804,0.0,0.0,1844401044.8249595,3.0311988914996695,0.0,0.0,0.0,0.0,0.0,0.0,3.96991022589215
2,2747477599.076372,1.697564769811695,73943179.53173324,0.0639659678844515,0.0,0.0,0.0,0.0,0.0,0.0,0.0,0.0,1.7615307376961464
3,2779669145.145385,1.7225323225551172,0.0,0.0,0.0,0.0,3902146.62399379,0.0014388706244545615,0.0,0.0,0.0,0.0,1.7239711931795718
4,0.0,0.0,90393522.34176669,0.1068280160454753,1478304165.275515,3.1492837158029605,0.0,0.0,0.0,0.0,0.0,0.0,3.256111731848436
5,534434295.06229293,0.47401291575749877,255835377.29623884,0.2937607487095203,0.0,0.0,0.0,0.0,0.0,0.0,0.0,0.0,0.767773664467019
6,3191190706.6292233,1.6971423452085785,0.0,0.0,2017753011.2022555,2.676355243954189,0.0,0.0,0.0,0.0,0.0,0.0,4.373497589162767
7,103294379.29805377,0.10845014746906692,0.0,0.0,1239864353.6336768,3.0886376285693666,0.0,0.0,0.0,0.0,0.0,0.0,3.1970877760384337
8,30881147.564936265,0.026462601661254297,171114252.15676278,0.18640360897740033,153926992.50979725,0.3210893485346291,0.0,0.0,0.0,0.0,0.0,0.0,0.5339555591732837
9,16411373.71955347,0.012672966097981398,271474979.35814136,0.2608024669477792,1737328023.3913245,3.0853092005000553,0.0,0.0,0.0,0.0,0.0,0.0,3.358784633545816
10,0.0,0.0,25478107.604140036,0.029582319685256934,297053784.3155892,0.6265564889110515,0.0,0.0,105281073.62977782,0.11244417886336543,0.0,0.0,0.7685829874596739
11,150013015.27014294,0.10645049250780068,882050423.9197044,0.7559093239286335,0.0,0.0,0.0,0.0,0.0,0.0,0.0,0.0,0.8623598164364342
12,673288021.8713373,0.3754762614699776,831231991.2539166,0.5866910569070969,0.0,0.0,0.0,0.0,39540361.60367602,0.027082230926507588,0.0,0.0,0.9892495493035821
13,119478069.88832644,0.07327027770333855,785760545.1716828,0.5892438897711089,0.0,0.0,0.0,0.0,0.0,0.0,0.0,0.0,0.6625141674744475
14,0.0,0.0,76777873.23731072,0.09382119191656557,31533049.431258447,0.07270478810466594,52239149.08202249,0.03085838742098959,0.0,0.0,0.0,0.0,0.1973843674422211
15,54530083.81196262,0.041428716240829846,0.0,0.0,535253629.2956645,0.993551172256182,72323464.68632117,0.033759254690407664,0.0,0.0,0.0,0.0,1.0687391431874196
16,2165976654.877969,1.68806155951762,0.0,0.0,1331552778.0547886,2.543727995282613,0.0,0.0,0.0,0.0,0.0,0.0,4.231789554800233
17,2574892557.831439,1.704204259984663,0.0,0.0,0.0,0.0,0.0,0.0,0.0,0.0,0.0,0.0,1.704204259984663
18,756859681.2821767,0.4209680852847264,227153134.751665,0.16566950427527352,11312025.95087115,0.016229393083713326,0.0,0.0,811863375.1693165,0.5731306609694288,0.0,0.0,1.175997643613142
19,2190225614.8195577,1.7118097775090417,0.0,0.0,0.0,0.0,0.0,0.0,0.0,0.0,0.0,0.0,1.7118097775090417
20,0.0,0.0,558680322.2978809,0.5757759647449204,1512791323.7987018,2.9743170728749067,6955573.077937225,0.0034244442895487405,0.0,0.0,0.0,0.0,3.5535174819093758
21,2912864302.964104,1.6865050217961768,0.0,0.0,0.0,0.0,0.0,0.0,25434728.517009027,0.019840033952040106,0.0,0.0,1.706345055748217
22,2506961817.778019,1.7175078127457502,771832535.7912647,0.6493139037070191,0.0,0.0,0.0,0.0,0.0,0.0,0.0,0.0,2.3668217164527694
23,2774097332.9612737,1.718210027155755,882063938.47062,0.6823803093477598,540983343.6634893,0.8158951732991904,0.0,0.0,0.0,0.0,0.0,0.0,3.2164855098027054
24,77297285.59623729,0.05587559784254845,202887872.83281484,0.1877723282669953,0.0,0.0,0.0,0.0,469592972.3795473,0.41452726974447396,0.0,0.0,0.6581751958540177
25,1391285841.0133653,1.2758864398757241,0.0,0.0,29147692.596233997,0.0709131722207271,0.0,0.0,0.0,0.0,0.0,0.0,1.3467996120964512
26,3017552481.361965,1.7020317147429158,0.0,0.0,0.0,0.0,0.0,0.0,0.0,0.0,0.0,0.0,1.7020317147429158
27,2440682358.45337,1.6986487068235199,4081211.0624888726,0.004012588500632681,0.0,0.0,9924649.91502829,0.004820805725012418,6363801.210520878,0.006014984201108562,0.0,0.0,1.7134970852502733
28,0.0,0.0,27599775.733960435,0.02959658029301488,82668407.34309301,0.1652096093036551,157475817.00330576,0.07392732046241193,0.0,0.0,0.0,0.0,0.2687335100590819
29,115254535.45634946,0.07021031830340992,266894183.7862996,0.2079524167734627,0.0,0.0,0.0,0.0,0.0,0.0,0.0,0.0,0.2781627350768726
30,3022553095.567631,1.7055698247588122,0.0,0.0,243907852.88181746,0.35185142650073664,0.0,0.0,76609220.93554631,0.05417751820406857,0.0,0.0,2.1115987694636176
31,2433664444.837042,1.6925183568318642,0.0,0.0,0.0,0.0,0.0,0.0,0.0,0.0,0.0,0.0,1.6925183568318642
32,0.0,0.0,3639399.188895869,0.004743088022507917,308714673.50961536,0.7086090682767593,58276637.21594123,0.033901202534778165,371420990.08115494,0.4175299564852226,0.0,0.0,1.164783315319268
33,2343081194.369014,1.726222304371908,0.0,0.0,0.0,0.0,27101410.07709647,0.013681855018836807,0.0,0.0,0.0,0.0,1.739904159390745
34,0.0,0.0,26663938.162675373,0.02893881865958803,974377552.9757206,1.8743109727966343,0.0,0.0,0.0,0.0,0.0,0.0,1.9032497914562223
35,14972482.54215567,0.013009455711976852,715858301.3321536,0.7359216960354549,0.0,0.0,10269934.339275096,0.004824340655660481,0.0,0.0,0.0,0.0,0.7537554924030923
36,2863334718.2423134,1.682452823797023,0.0,0.0,58159491.24445687,0.08969151486880705,0.0,0.0,0.0,0.0,0.0,0.0,1.7721443386658302
37,113864031.72185992,0.07154632546448558,52879296.76224458,0.044503543639174935,1542377824.9734874,2.3171728683554553,0.0,0.0,0.0,0.0,0.0,0.0,2.4332227374591158
38,21473032.920501556,0.012672966097981398,93337572.08648139,0.07158848294377271,233675437.4509899,0.33591784290436966,1475771.846629929,0.0006214109916355532,387133559.3179363,0.2787050720919525,0.0,0.0,0.6995057750297118
39,1271286651.8070803,0.7568999735663786,157812223.03410533,0.12655159678704578,130732753.06747115,0.2011212360196367,0.0,0.0,941252341.8713012,0.7114022076888477,0.0,0.0,1.7959750140619088
40,0.0,0.0,26786672.9363556,0.028981012001483317,0.0,0.0,3014776.8144236743,0.0018221147790148118,181087896.23163345,0.18300913228668475,0.0,0.0,0.21381225906718287
41,163084899.77669394,0.10845014746906692,0.0,0.0,9114485.563879617,0.01553545601011493,0.0,0.0,0.0,0.0,0.0,0.0,0.12398560347918185
42,14855821.772351716,0.012892474867697266,8780101.651950946,0.010351485710079412,76723057.43953139,0.1667195818399848,2929552.6321667116,0.0019196722976188231,10556630.380517788,0.011574147359336283,0.0,0.0,0.2034573620747166
43,0.0,0.0,13403242.833266534,0.016711003523262366,23199236.034840237,0.05389959408590568,13568776.436025376,0.009089615249811358,56523655.421325296,0.06554674111337822,0.0,0.0,0.14524695397235762
44,3228622824.3748875,1.7221327091489356,0.0,0.0,733607582.1950811,0.9745322368919098,0.0,0.0,0.0,0.0,0.0,0.0,2.6966649460408454
45,2219612096.9367676,1.3038591218508317,315002479.6591612,0.24090408642649241,2034972977.1056762,2.9721398820640528,0.0,0.0,0.0,0.0,0.0,0.0,4.516903090341377
46,2948598207.9616704,1.7125088127914345,0.0,0.0,0.0,0.0,8069772.008907916,0.002943599957012717,0.0,0.0,0.0,0.0,1.7154524127484472
47,0.0,0.0,135566719.06155336,0.13280635973682198,0.0,0.0,0.0,0.0,0.0,0.0,0.0,0.0,0.13280635973682198
48,1152864055.4523327,0.7694366870169793,464696306.3292483,0.3988024431996978,0.0,0.0,922642.3925182051,0.0004094231313292873,0.0,0.0,0.0,0.0,1.1686485533480064
49,2761225331.7325273,1.708225812086519,0.0,0.0,0.0,0.0,0.0,0.0,65837157.51031446,0.05450298604987329,0.0,0.0,1.7627287981363924
50,55231111.361467406,0.04205566142859771,9692963.804220699,0.010051232862095652,264746480.98796037,0.49922130714389773,63300452.706359595,0.030502875744380986,0.0,0.0,0.0,0.0,0.5818310771789721
51,0.0,0.0,556655025.1036627,0.4249310382798124,0.0,0.0,3356010.972863496,0.0012381105967624233,0.0,0.0,0.0,0.0,0.4261691488765748
52,2425176294.30986,1.685104066423853,70799383.98400332,0.061242031334094844,0.0,0.0,0.0,0.0,0.0,0.0,0.0,0.0,1.746346097757948
53,2615260945.0633535,1.6936895168979178,0.0,0.0,0.0,0.0,1014265.8482794714,0.0004581955366942143,59200660.85533765,0.05105236477126039,0.0,0.0,1.7452000772058724
54,2493141037.977668,1.705649880318643,57276002.40846335,0.051671413141853875,0.0,0.0,3253050.525668635,0.0014287180830038731,106968511.01362866,0.09132989960850531,0.0,0.0,1.850079911152006
55,3186619597.412807,1.6940905653919478,989895064.8132496,0.64729925479465,655428811.6507432,0.8532731078150031,0.0,0.0,0.0,0.0,0.0,0.0,3.194662928001601
56,2587016198.6521826,1.6707233397699885,241865210.93680596,0.1978946891416365,1731303742.4999409,2.7470895813708642,0.0,0.0,0.0,0.0,0.0,0.0,4.615707610282489
57,51135424.45621601,0.040913817839662955,160037126.51543078,0.16410988654923614,0.0,0.0,2704918.590619609,0.0013889856764568713,0.0,0.0,0.0,0.0,0.20641269006535598
58,204255668.53730285,0.14221452611624102,0.0,0.0,1893453201.6418672,3.1558631535679593,3332298.06173414,0.0014029981721944925,0.0,0.0,0.0,0.0,3.2994806778563945
59,12377232.68967661,0.012454100706392189,71315007.99870726,0.09237712076470939,406608942.30096513,0.9806040753447416,25616031.259835273,0.015940391202253552,0.0,0.0,0.0,0.0,1.1013756880180967
60,0.0,0.0,4380563.218640365,0.0046056070422247335,1728515684.6266303,3.0633693345210102,0.0,0.0,0.0,0.0,0.0,0.0,3.067974941563235
61,2146500032.0395074,1.7216115786400197,0.0,0.0,0.0,0.0,0.0,0.0,0.0,0.0,0.0,0.0,1.7216115786400197
62,1830237556.5181391,1.2872554265660956,104861713.88897553,0.10209438723307124,1722714707.7330098,3.045948868646101,0.0,0.0,0.0,0.0,0.0,0.0,4.435298682445268
63,2095491889.8779163,1.6704082514956233,0.0,0.0,0.0,0.0,0.0,0.0,0.0,0.0,0.0,0.0,1.6704082514956233
64,732863900.1483682,0.3779445465280421,0.0,0.0,0.0,0.0,0.0,0.0,749275176.9500359,0.4927128874110186,0.0,0.0,0.8706574339390607
65,336396792.7570402,0.3007578585538839,685584138.1705825,0.7554082071536297,1340582762.1886997,2.820426991280343,0.0,0.0,0.0,0.0,0.0,0.0,3.876593056987857
66,0.0,0.0,50129186.307671204,0.045402602046156225,1017499712.5590366,1.653916227589038,8788534.477770135,0.0037595055775009184,0.0,0.0,0.0,0.0,1.703078335212695
67,3033440892.663941,1.6236331235581005,0.0,0.0,2185080672.7872972,2.9036715043981527,0.0,0.0,0.0,0.0,0.0,0.0,4.527304627956253
68,19582047.594111428,0.012810147443254188,69059948.18265416,0.0591057743889336,2083518161.279964,3.1546738863978954,0.0,0.0,0.0,0.0,0.0,0.0,3.226589808230083
69,123229080.9058646,0.11020792646583277,714034551.0730848,0.7726331704787016,773055068.487434,1.5802663953364646,0.0,0.0,0.0,0.0,0.0,0.0,2.463107492280999
70,13643675.427911893,0.012528316382777727,23852958.528379034,0.029269385400425642,608947993.3536274,1.3369974705270056,38826572.581036545,0.021443008407422037,773517269.167351,0.8127366368193771,0.0,0.0,2.212974817537008
71,18541702.74157985,0.012719030941477133,153911223.1017954,0.1345929891047108,1171265049.4913182,1.8942008376575772,47112609.74630649,0.018817977991898396,0.0,0.0,0.0,0.0,2.0603308356956633
72,2003228821.4677548,1.7062503207526407,662511654.452379,0.718643529219775,0.0,0.0,0.0,0.0,0.0,0.0,0.0,0.0,2.424893849972416
73,2510896645.2233806,1.7208844220491064,62940795.04963404,0.06020265098408098,0.0,0.0,0.0,0.0,0.0,0.0,0.0,0.0,1.7810870730331874
74,16761673.382371493,0.012719030941477133,173518141.9016948,0.16657753072998027,1789540082.4324384,3.140130576262014,0.0,0.0,0.0,0.0,0.0,0.0,3.3194271379334714
75,0.0,0.0,42139258.7090158,0.04531017977258468,42581865.35608606,0.08646901691659671,44029732.7632267,0.023095508477693233,0.0,0.0,0.0,0.0,0.15487470516687463
76,2432324129.2064934,1.6913475827494702,24207434.148264065,0.022505772003835398,0.0,0.0,0.0,0.0,0.0,0.0,0.0,0.0,1.7138533547533055
77,18390419.036233813,0.012598903317901946,714295762.7312428,0.5864130747883106,0.0,0.0,10502870.955241889,0.004473640712327079,0.0,0.0,0.0,0.0,0.6034856188185396
78,92518082.74701451,0.06944923587215422,0.0,0.0,1711689412.4448693,3.017126489249063,0.0,0.0,62793108.355939336,0.05188419259794395,0.0,0.0,3.138459917719161
79,109252711.08830169,0.07346086090522495,17553832.948043,0.015963157382841417,374784434.8931071,0.6254894167466645,0.0,0.0,9090790.100568816,0.007641270841629608,0.0,0.0,0.7225547058763604
80,0.0,0.0,51664572.987285994,0.058133215360533744,1142933175.9269629,2.3072419147156356,0.0,0.0,0.0,0.0,0.0,0.0,2.365375130076169
81,2455750717.7488422,1.7118097775090417,2988393.716749093,0.0025213957576060153,68205711.01068969,0.11585504911616806,0.0,0.0,0.0,0.0,0.0,0.0,1.8301862223828158
82,2201312122.058531,1.722669856108459,0.0,0.0,0.0,0.0,0.0,0.0,0.0,0.0,0.0,0.0,1.722669856108459
83,2637792350.696068,1.7120132403060095,0.0,0.0,0.0,0.0,4761780.755058569,0.001398618785317404,0.0,0.0,0.0,0.0,1.713411859091327
84,0.0,0.0,230928331.07478535,0.20641794220460452,534597951.6584673,0.9108899237770334,0.0,0.0,0.0,0.0,0.0,0.0,1.1173078659816378
85,2607184630.2145257,1.7310165917695906,0.0,0.0,29951866.692104027,0.05304409115075068,0.0,0.0,0.0,0.0,0.0,0.0,1.7840606829203411
86,0.0,0.0,71568405.78788134,0.07204911083130074,1762354315.390811,3.153696456100871,86495323.94077508,0.02928158965310739,0.0,0.0,0.0,0.0,3.255027156585279
87,0.0,0.0,128534407.40364847,0.13375705112469943,1650008447.3565729,3.1132751102274425,0.0,0.0,0.0,0.0,0.0,0.0,3.247032161352142
88,0.0,0.0,70035337.693585,0.05896568746333378,2106840573.9447908,3.1344963745343426,0.0,0.0,0.0,0.0,0.0,0.0,3.1934620619976766
89,56375034.18147579,0.043078698123359196,855930320.1640658,0.7804021391324385,0.0,0.0,0.0,0.0,0.0,0.0,0.0,0.0,0.8234808372557977
90,20327594.143541217,0.012723278003532325,19661510.626233507,0.016641177403527913,2168541109.947029,3.1404277336293758,0.0,0.0,0.0,0.0,0.0,0.0,3.169792189036436
91,0.0,0.0,751546628.5252421,0.5753978693311093,0.0,0.0,0.0,0.0,0.0,0.0,0.0,0.0,0.5753978693311093
92,17963366.156611215,0.012953671834586648,30743966.41194138,0.029697388154562538,11012761.029452126,0.01993210959758705,170795904.0767066,0.07330718753479873,0.0,0.0,0.0,0.0,0.13589035712153497
93,1297081744.2049146,1.2767942305478752,0.0,0.0,5397984.243396085,0.013925651890410621,0.0,0.0,0.0,0.0,0.0,0.0,1.290719882438286
94,1617518997.1614587,0.9321979278653096,0.0,0.0,0.0,0.0,0.0,0.0,0.0,0.0,0.0,0.0,0.9321979278653096
95,15911796.951810779,0.01222618301409523,70772114.04245472,0.07047165177563347,104325407.2922334,0.19652360448219103,93361842.53172728,0.04359759911136247,910149415.309921,0.8012426472686329,0.0,0.0,1.124061685651915
96,42404663.834202185,0.030171330119623446,47551737.997972645,0.04493776017385215,575796819.0834479,0.9953733570154899,158161817.89573532,0.06402253809227072,0.0,0.0,0.0,0.0,1.1345049854012363
97,2438957900.8587866,1.6971423452085785,23509267.624709688,0.02158552816239523,0.0,0.0,6244019.736507275,0.0027116393143590623,0.0,0.0,0.0,0.0,1.7214395126853328
98,0.0,0.0,4615868.764058168,0.004617725674816178,56996784.316916525,0.1047406750497831,3428783.000035148,0.0018950598221196785,83829295.64018178,0.07719210601452703,0.0,0.0,0.188445566561246
99,1086429293.1156225,0.7638613498659308,73663525.56808096,0.06831803013858515,0.0,0.0,0.0,0.0,0.0,0.0,0.0,0.0,0.832179380004516
100,1642673110.2505064,1.2973860739319354,0.0,0.0,24573980.979705494,0.050572094483288976,0.0,0.0,0.0,0.0,0.0,0.0,1.3479581684152244
101,172005052.48321038,0.1563105635845326,418262059.78028643,0.4758417350576129,1414056012.7543752,3.0628259381978573,0.0,0.0,0.0,0.0,0.0,0.0,3.6949782368400026
102,0.0,0.0,121806793.87549925,0.13447668109468164,1563622349.7912514,3.1284365142547035,0.0,0.0,0.0,0.0,0.0,0.0,3.2629131953493853
103,49848078.88085112,0.04264604202115496,14130890.35865784,0.016474725311154133,807669825.1237444,1.6608194607386049,0.0,0.0,0.0,0.0,0.0,0.0,1.719940228070914
104,0.0,0.0,11655124.136410423,0.01008532923021097,102092795.77078028,0.1633791184487972,7440744.6044298485,0.0033555197030892166,26451903.987031817,0.02133186628469984,0.0,0.0,0.19815183366679726
105,0.0,0.0,619082885.859609,0.5658416688592295,348784379.9199239,0.6250132612860415,4704403.300317256,0.002147659069761285,0.0,0.0,0.0,0.0,1.1930025892150322
106,112584640.50556183,0.0718809472486996,427906059.4249555,0.34267418184642734,0.0,0.0,0.0,0.0,0.0,0.0,0.0,0.0,0.41455512909512693
107,2295592264.2998753,1.682452823797023,0.0,0.0,24337496.43246782,0.04551598943059321,0.0,0.0,0.0,0.0,0.0,0.0,1.7279688132276163
108,0.0,0.0,39222391.76831006,0.0443496790584698,23278430.13112577,0.04987142937337086,120818319.9440487,0.05744751283331659,0.0,0.0,0.0,0.0,0.15166862126515723
109,0.0,0.0,34210633.29190145,0.02945329391245948,1558244606.4474819,2.3540293377314017,0.0,0.0,0.0,0.0,0.0,0.0,2.383482631643861
110,2951230828.850832,1.714424940520915,0.0,0.0,0.0,0.0,0.0,0.0,0.0,0.0,0.0,0.0,1.714424940520915
111,89375178.39846028,0.07136909903860417,15672145.458889667,0.0170007603845171,0.0,0.0,60201799.91329166,0.03133084598042858,219991964.82088283,0.21695599897586015,0.0,0.0,0.33665670437941
112,14418647.0585346,0.012454100706392189,95464625.39773208,0.10569197725136992,7114517.120429217,0.01513670441079622,0.0,0.0,7768594.581473395,0.00830672270153487,0.0,0.0,0.1415895050700932
113,2968643012.736124,1.727099549810716,0.0,0.0,0.0,0.0,0.0,0.0,0.0,0.0,0.0,0.0,1.727099549810716
114,2704714975.1146846,1.729892008638517,0.0,0.0,179877401.38961798,0.2974862261048306,2140609.1923122997,0.0009037339000599919,0.0,0.0,0.0,0.0,2.0282819686434075
115,12339864.716107856,0.012410450086434408,33924364.332249634,0.045009855415411235,16504871.424967945,0.04151658032288821,0.0,0.0,51840615.254753426,0.06509444357684054,0.0,0.0,0.1640313294015744
116,14468116.822139928,0.012503706196931884,121531260.71398935,0.13395963689229384,0.0,0.0,19733285.21963308,0.010721254887067778,0.0,0.0,0.0,0.0,0.1571845979762935
117,70909352.90963055,0.05359511771132611,28166646.401245274,0.028789482646886674,54107648.00501449,0.10453671804334214,11992783.186975647,0.006664586992322136,236897081.89316776,0.22625346400326313,0.0,0.0,0.41983936939714017
118,2653073764.5314364,1.7244439115168042,0.0,0.0,1732776526.5731492,2.7507893306876547,0.0,0.0,0.0,0.0,0.0,0.0,4.4752332422044585
119,946564541.2014894,0.7588129628711835,226812304.77341,0.23732510011498198,0.0,0.0,0.0,0.0,0.0,0.0,0.0,0.0,0.9961380629861655
120,1836354897.1628704,1.6618741840771216,0.0,0.0,0.0,0.0,0.0,0.0,7673621.885724993,0.008287206675146937,0.0,0.0,1.6701613907522685
121,161584113.29686138,0.10725844005481709,151706967.21975893,0.1311839749529499,1002941089.1249402,1.6174688531081136,56479601.32715768,0.022602923026287535,0.0,0.0,0.0,0.0,1.878514191142168
122,0.0,0.0,354015328.72855,0.3494486544289657,692049863.653683,1.3117983348714184,1543303.8150003632,0.0007719598266491146,0.0,0.0,0.0,0.0,1.6620189491270332
123,2640757296.748937,1.714424940520915,25750311.520769835,0.022200039328549123,246068748.78814775,0.4006835597929206,0.0,0.0,0.0,0.0,0.0,0.0,2.137308539642385
124,0.0,0.0,15733097.306907095,0.01625501777265678,40042299.245386355,0.07746016175872056,123525094.83503015,0.0568102876363111,37095333.46304445,0.03436230311015528,0.0,0.0,0.18488777027784373
125,848539387.696897,0.5676322840377968,4418360.837598257,0.0040772012651991915,0.0,0.0,1116453.0792551304,0.0005382781320638863,295158382.8535306,0.2569279628206648,0.0,0.0,0.8291757262557247
126,1545077074.268385,1.2959606208074466,0.0,0.0,0.0,0.0,776395.5508448749,0.0004469497677214863,0.0,0.0,0.0,0.0,1.296407570575168
127,0.0,0.0,34084399.57046667,0.029244954497243493,2103020169.0891519,3.1274652045602886,0.0,0.0,0.0,0.0,0.0,0.0,3.156710159057532
128,3015192894.104858,1.7003622781847327,0.0,0.0,0.0,0.0,0.0,0.0,0.0,0.0,0.0,0.0,1.7003622781847327
129,96400066.99107972,0.07138416490702885,9748648.831802832,0.009817289403118504,18610221.07580106,0.03523352377819852,106206401.85012749,0.048443208474978565,0.0,0.0,0.0,0.0,0.16487818656332445
130,2335511309.5934267,1.6787997548047469,0.0,0.0,0.0,0.0,0.0,0.0,0.0,0.0,0.0,0.0,1.6787997548047469
131,2151938828.1260204,1.7270733600461734,0.0,0.0,0.0,0.0,0.0,0.0,0.0,0.0,0.0,0.0,1.7270733600461734
132,110533857.63062486,0.10806954665329517,103199102.42068692,0.1312681518351662,0.0,0.0,0.0,0.0,734720522.1982775,0.862773513507394,0.0,0.0,1.1021112119958554
133,2771602913.9256372,1.7162750474668034,0.0,0.0,1868713306.4932919,2.874508116168988,0.0,0.0,0.0,0.0,0.0,0.0,4.590783163635791
134,34950055.553077474,0.026753372369006996,28299828.704031408,0.029053317643031273,54275828.66459068,0.10511692718045211,12248893.154810876,0.006905441466293021,25842428.46776662,0.025308637327159555,0.0,0.0,0.19313769598594294
135,47540362.25582309,0.0432983319738504,52912639.291795865,0.06376523834582437,6859887.081446843,0.01580291578192186,28229998.408189755,0.01691388411886638,125620004.17367887,0.14164481825554823,0.0,0.0,0.2814251884760113
136,3055050007.478238,1.7285700603465206,0.0,0.0,0.0,0.0,0.0,0.0,0.0,0.0,0.0,0.0,1.7285700603465206
137,3240240378.480319,1.729892008638517,0.0,0.0,0.0,0.0,0.0,0.0,0.0,0.0,0.0,0.0,1.729892008638517
138,0.0,0.0,41919373.1614185,0.044850572269245395,353954625.1537528,0.6962631307167508,16988413.51763203,0.008685431621868436,0.0,0.0,0.0,0.0,0.7497991346078646
139,20000804.198911987,0.012898153573155173,766824099.8079754,0.5927104775013237,0.0,0.0,0.0,0.0,0.0,0.0,0.0,0.0,0.6056086310744788
140,15631214.539625429,0.01274588512439584,14981563.867718231,0.01640230200447699,80986880.88476735,0.16474302478927091,147850269.11811927,0.06962690261765793,0.0,0.0,0.0,0.0,0.26351811453580165
141,1408532321.4767663,1.2955932963408343,0.0,0.0,0.0,0.0,0.0,0.0,0.0,0.0,0.0,0.0,1.2955932963408343
142,2442983183.648537,1.7006581987046434,0.0,0.0,0.0,0.0,6163334.711744767,0.0029823482217054657,0.0,0.0,0.0,0.0,1.703640546926349
143,1750671788.1959186,1.7103963494196228,0.0,0.0,162246162.42504045,0.39618296652872936,0.0,0.0,0.0,0.0,0.0,0.0,2.1065793159483523
144,0.0,0.0,121905450.66477938,0.13466066394569576,801551239.489994,1.6397644549923829,0.0,0.0,362050750.69923997,0.37238753954813486,0.0,0.0,2.1468126584862137
145,17502243.651542142,0.01256970327024463,17060603.99896252,0.016555361735455514,193811685.76148024,0.3423419399748623,11699540.892245151,0.005386026376272686,8098155.548593073,0.007241388895326242,0.0,0.0,0.38409442025216134
146,2766108576.965386,1.7120132403060095,103150843.20394808,0.08964669317690198,9082270.295652991,0.015436776608092822,0.0,0.0,0.0,0.0,0.0,0.0,1.8170967100910043
147,247766743.01850185,0.14148593802058929,0.0,0.0,1363809688.7288477,1.9018812980229034,157959463.98524222,0.05033302451356023,0.0,0.0,0.0,0.0,2.093700260557053
148,1887365467.3724627,1.7200662942664562,0.0,0.0,61757309.1046264,0.14949900441091765,0.0,0.0,41323864.675495714,0.05057219454210558,0.0,0.0,1.9201374932194795
149,2452587155.465858,1.6708634275835972,110324542.20433523,0.0953301641097482,0.0,0.0,0.0,0.0,0.0,0.0,0.0,0.0,1.7661935916933453
150,809200157.3603983,0.584508745425359,0.0,0.0,446933453.79349744,0.8159756651593217,61259854.22362199,0.028491138785592847,0.0,0.0,0.0,0.0,1.4289755493702736
151,150501984.02932882,0.10686607588158792,16397728.345372405,0.01595875314478222,159673111.69553214,0.28710354071334643,3076076.122232871,0.0015798318637612776,126491450.4554936,0.11430553159370024,0.0,0.0,0.5258137331971781
152,576567201.3989942,0.5836661606833997,27239124.386147738,0.03676338521297549,0.0,0.0,106493337.47940293,0.06517955765222488,0.0,0.0,0.0,0.0,0.6856091035486
153,105519791.29159455,0.07049671626618728,31542426.870143726,0.028471274998296332,9302321.202062124,0.016110820099089703,109220693.96437716,0.046124577430075295,0.0,0.0,0.0,0.0,0.1612033887936486
154,2336611201.990323,1.7202577889541968,566620460.8944509,0.5373202791037179,0.0,0.0,0.0,0.0,0.0,0.0,0.0,0.0,2.2575780680579145
155,2472256077.876161,1.7262301234021726,0.0,0.0,340629080.259344,0.6062549217667685,0.0,0.0,0.0,0.0,0.0,0.0,2.332485045168941
156,2784435795.475217,1.7262301234021726,81101665.85731634,0.06283624374004812,0.0,0.0,0.0,0.0,0.0,0.0,0.0,0.0,1.7890663671422207
157,0.0,0.0,855808532.4014456,0.780277389220168,0.0,0.0,0.0,0.0,0.0,0.0,0.0,0.0,0.780277389220168
158,116992503.13690226,0.07387729636674367,12372271.08780596,0.010585442714253882,1980979430.5831337,2.971009656844015,0.0,0.0,135020006.4881178,0.10551881115531764,0.0,0.0,3.1609912070803303
159,2179170685.867255,1.7009834320000499,207281897.22591043,0.20743458696986433,0.0,0.0,0.0,0.0,0.0,0.0,0.0,0.0,1.9084180189699143
160,0.0,0.0,30535028.96096743,0.02931201004885192,1879885490.1817307,3.1226133514359926,0.0,0.0,82227208.46027136,0.0712980798071329,0.0,0.0,3.2232234412919776
161,469504636.27613103,0.30569126760417603,212700046.30974054,0.18080982378047666,8870294.148119368,0.014787467115015891,49594986.74195038,0.02121816849186823,0.0,0.0,0.0,0.0,0.5225067269915368
162,2451720920.479889,1.7082896131845295,0.0,0.0,1641294462.4827576,2.826216672011657,0.0,0.0,0.0,0.0,0.0,0.0,4.534506285196187
163,40397919.625410795,0.025596531123540607,746259935.2338643,0.5694191502660827,603360987.143251,0.8966264997503359,3439377.106207894,0.0013137912192287744,0.0,0.0,0.0,0.0,1.4929559723591879
164,2662469691.186118,1.7320899038823883,0.0,0.0,7324808.912946908,0.011910024401583034,0.0,0.0,0.0,0.0,0.0,0.0,1.7439999282839713
165,2204416594.646926,1.5920332031337594,169091876.2027729,0.15982037449067824,0.0,0.0,0.0,0.0,0.0,0.0,0.0,0.0,1.7518535776244377
166,3030404117.6931696,1.7111252922113647,0.0,0.0,0.0,0.0,0.0,0.0,4698649.5294148475,0.0033693355225119367,0.0,0.0,1.7144946277338766
167,2198274361.7738028,1.7196940506609293,288119373.33977664,0.29006869502207416,0.0,0.0,0.0,0.0,0.0,0.0,0.0,0.0,2.0097627456830036
168,0.0,0.0,908268241.3324406,0.7665738723423199,0.0,0.0,0.0,0.0,30611325.46428216,0.023514654031044368,0.0,0.0,0.7900885263733642
169,2662257211.563025,1.7319169863360742,0.0,0.0,55820485.18197225,0.09731690151432146,29096400.61896014,0.012750685381348485,200631130.60305342,0.16805522719673666,0.0,0.0,2.0100398004284807
170,0.0,0.0,611391364.1491982,0.5847235381980067,10288807.391440777,0.02044144490736182,0.0,0.0,0.0,0.0,0.0,0.0,0.6051649831053685
171,2468276038.0652914,1.722752659957101,0.0,0.0,153840021.75009754,0.26819552247520095,0.0,0.0,0.0,0.0,0.0,0.0,1.990948182432302
172,0.0,0.0,268705686.1617455,0.25679055976455534,0.0,0.0,965868.7584993355,0.00047049364340636404,0.0,0.0,0.0,0.0,0.2572610534079617
173,200652199.0478794,0.18115508783388493,3487354.7776078954,0.004374803872841343,1049528699.765348,2.312004254801046,0.0,0.0,542246773.3351161,0.5577209327222289,0.0,0.0,3.055255079230001
174,2657196174.480434,1.7277982305741524,0.0,0.0,21556276.150578927,0.03753284280186872,14389428.740464868,0.006403782512692904,0.0,0.0,0.0,0.0,1.7717348558887138
175,0.0,0.0,18938718.073789306,0.016344603692610996,101697434.90392147,0.1622427677953196,3799809.6449423204,0.001807768894462834,201880039.81027812,0.16133583351167655,0.0,0.0,0.3417309738940699
176,233992784.0740034,0.15500026267079886,6739787.972299486,0.0060928814550381145,1461237493.9078152,2.3502891330797695,4008239.4100936237,0.0016763340047515926,0.0,0.0,0.0,0.0,2.513058611210358
177,1278831634.677705,0.9441367899679757,0.0,0.0,0.0,0.0,0.0,0.0,912177679.8501838,0.8366529073367415,0.0,0.0,1.780789697304717
178,21111403.16023543,0.012425787880175825,36980414.31014374,0.028981012001483317,2268835463.2356405,3.0782713002962607,0.0,0.0,0.0,0.0,0.0,0.0,3.1196781001779197
179,0.0,0.0,782946666.275619,0.7444705763757491,0.0,0.0,0.0,0.0,0.0,0.0,0.0,0.0,0.7444705763757491
180,15272492.913440455,0.012407386747742954,88379100.82826075,0.09257982275103464,504481853.0783284,0.983773649106988,0.0,0.0,0.0,0.0,0.0,0.0,1.0887608586057655
181,0.0,0.0,21722672.822470248,0.029198837901997503,85714898.87583956,0.21406243187531993,0.0,0.0,106156194.59749496,0.1333570751001415,0.0,0.0,0.37661834487745893
182,14786496.238934796,0.012002450936407602,158941232.31498986,0.16336616914911212,19932123.717836075,0.03987087784502718,0.0,0.0,422655245.07485306,0.41281341330494037,0.0,0.0,0.6280529112354873
183,1883067068.217547,1.7151611138501321,0.0,0.0,0.0,0.0,0.0,0.0,0.0,0.0,0.0,0.0,1.7151611138501321
184,0.0,0.0,268806399.4272271,0.210484961493563,2156067861.2852764,3.110829028251156,0.0,0.0,0.0,0.0,0.0,0.0,3.321313989744719
185,179433469.53641832,0.10895164171761784,0.0,0.0,2162335836.4368296,3.126007208006926,0.0,0.0,0.0,0.0,0.0,0.0,3.234958849724544
186,1998532794.5431814,1.7012354590705703,336220330.9333008,0.37070160467871,0.0,0.0,0.0,0.0,0.0,0.0,0.0,0.0,2.07193706374928
187,3397693425.696562,1.6618741840771216,1071793381.6421976,0.6473928244024261,0.0,0.0,0.0,0.0,0.0,0.0,0.0,0.0,2.309267008479548
188,2335511309.5934267,1.6787997548047469,4133553.7134778593,0.0044053419981853895,1198964322.0004566,2.1987255137077266,931413.059435556,0.00044940772536044855,0.0,0.0,0.0,0.0,3.882380018236019
189,64614987.25502601,0.054971506824908825,14055546.86141896,0.016307374784732098,160905672.1221254,0.3422118608782021,132171522.62972453,0.06462797674567396,0.0,0.0,0.0,0.0,0.47811871923351695
190,173785358.16713485,0.13675318629951938,66275835.706122845,0.0693349990532716,1645979069.1361318,3.102585933218654,0.0,0.0,0.0,0.0,0.0,0.0,3.308674118571445
191,2282847072.6421742,1.6787997548047469,0.0,0.0,24943053.854071602,0.047512965614519814,0.0,0.0,0.0,0.0,0.0,0.0,1.7263127204192668
192,121146440.4672566,0.1114260834323486,222851000.1513845,0.2618897280497485,23540857.900736034,0.05395548176819134,0.0,0.0,0.0,0.0,0.0,0.0,0.42727129325028845
193,2465201288.652068,1.7200662942664562,0.0,0.0,0.0,0.0,0.0,0.0,0.0,0.0,0.0,0.0,1.7200662942664562
194,299243992.571043,0.21749993368598364,20363183.989561934,0.019787194652141807,335188863.14382136,0.6137189591451621,62328143.052326165,0.029453519261470506,0.0,0.0,0.0,0.0,0.880459606744758
195,507822224.7388787,0.3008238240374842,247879826.70278177,0.19221624440543178,0.0,0.0,167662601.90702373,0.05896627512568775,0.0,0.0,0.0,0.0,0.5520063435686038
196,224399661.6379009,0.1393308146544906,162242032.9217012,0.1317667156959359,2100272708.3842502,3.119116212692075,0.0,0.0,0.0,0.0,0.0,0.0,3.3902137430425014
197,155643253.014881,0.10855311063887285,145551474.752306,0.13246373363015565,1388856947.0093355,2.338071657313988,0.0,0.0,0.0,0.0,0.0,0.0,2.5790885015830165
198,0.0,0.0,0.0,0.0,102174777.32243977,0.16361475074731355,7906041.897750583,0.0037200796361982797,29050205.444268093,0.023594485758106954,0.0,0.0,0.1909293161416188
199,33422345.247208357,0.02644225392269368,61941543.05812207,0.06444703886968942,159034554.77132255,0.3092521026781241,27617106.613267303,0.014035729032894885,0.0,0.0,0.0,0.0,0.4141771245034021
200,1410003438.7455323,1.0578850531459312,319128296.07950544,0.31099869207603914,0.0,0.0,2464729.8907806217,0.0012034145313607949,0.0,0.0,0.0,0.0,1.370087159753331
201,782519178.0491991,0.4567629200058745,258890526.3407199,0.19824635474396463,0.0,0.0,0.0,0.0,0.0,0.0,0.0,0.0,0.655009274749839
202,2155548871.674079,1.677851286532927,0.0,0.0,0.0,0.0,0.0,0.0,0.0,0.0,0.0,0.0,1.677851286532927
203,0.0,0.0,146445148.1380364,0.13410668966834924,1387025088.9950836,2.3335827467816874,16446215.893197924,0.007116715750062453,0.0,0.0,0.0,0.0,2.4748061522000993
204,2346028199.879216,1.6883082414555721,0.0,0.0,223366284.58453023,0.40646460589355393,0.0,0.0,0.0,0.0,0.0,0.0,2.094772847349126
205,637182209.3809518,0.4596317600374833,14858120.960504457,0.014521684017717494,0.0,0.0,10206502.18492207,0.004906807135557776,0.0,0.0,0.0,0.0,0.47906025119075857
206,0.0,0.0,120860977.99149951,0.10619114616069475,0.0,0.0,0.0,0.0,0.0,0.0,0.0,0.0,0.10619114616069475
207,2922736874.025694,1.6936895168979178,0.0,0.0,0.0,0.0,0.0,0.0,0.0,0.0,0.0,0.0,1.6936895168979178
208,2340758164.88373,1.732382444044474,0.0,0.0,1518842507.0244536,2.7383481784924424,0.0,0.0,0.0,0.0,0.0,0.0,4.470730622536916
209,0.0,0.0,100036652.99149755,0.07017039297175141,525918049.9152537,0.6895027148279922,0.0,0.0,0.0,0.0,0.0,0.0,0.7596731077997436
210,0.0,0.0,1057678486.3751116,0.781673006304871,0.0,0.0,0.0,0.0,0.0,0.0,0.0,0.0,0.781673006304871
211,542623174.4471807,0.41573131611959385,743469848.1221399,0.7099764664530055,0.0,0.0,0.0,0.0,0.0,0.0,0.0,0.0,1.1257077825725994
212,2178536358.7422743,1.7003622781847327,0.0,0.0,0.0,0.0,0.0,0.0,0.0,0.0,0.0,0.0,1.7003622781847327
213,876776645.0969241,0.7682474240067393,268700805.4895236,0.3022140040045933,1416534229.7893045,3.070986685671723,0.0,0.0,0.0,0.0,0.0,0.0,4.141448113683055
214,0.0,0.0,16715401.336822834,0.016556818628873083,278870456.5569488,0.5000809109869365,157780521.88445455,0.0656722952664558,788452051.5788174,0.634844485510734,0.0,0.0,1.2171545103929993
215,1258174138.777756,0.9253719418500342,3992483.533193789,0.004116015927426863,0.0,0.0,0.0,0.0,195957902.87365258,0.19087632985768968,0.0,0.0,1.1203642876351507
216,119415042.7240971,0.0732246143929665,34792027.19694135,0.02882671965756671,105413916.07689805,0.1645556460260043,81880878.69613199,0.032939513372500756,0.0,0.0,0.0,0.0,0.2995464934490383
217,1847265986.492927,1.3021540874907627,298184707.49291927,0.27155144364201306,0.0,0.0,0.0,0.0,0.0,0.0,0.0,0.0,1.5737055311327757
218,15410446.482088955,0.012264323700958264,259306069.0644654,0.2564369923013864,0.0,0.0,25389575.344323665,0.012297091403683711,0.0,0.0,0.0,0.0,0.2809984074060284
219,0.0,0.0,25529949.572949722,0.029697469380837827,1581242862.8645573,3.1844508752709455,0.0,0.0,0.0,0.0,0.0,0.0,3.2141483446517833
220,2465201288.6520677,1.7200662942664562,102224443.56157371,0.08724572513773987,0.0,0.0,0.0,0.0,0.0,0.0,0.0,0.0,1.807312019404196
221,2791007493.924201,1.7313302534372261,131128677.84754099,0.10596600031349901,0.0,0.0,0.0,0.0,0.0,0.0,0.0,0.0,1.8372962537507251
222,102638420.74137788,0.07217336971188035,290278324.059979,0.2587687246503371,458493250.0954081,0.7812785108686535,5147516.946785903,0.0023026182297680763,0.0,0.0,0.0,0.0,1.114523223460639
223,0.0,0.0,27042927.30979704,0.029516638076430728,251657122.83811232,0.50161695480394,0.0,0.0,0.0,0.0,0.0,0.0,0.5311335928803707
224,0.0,0.0,23979016.311822347,0.029566803701583683,316706497.9078218,0.7075407068898478,0.0,0.0,0.0,0.0,0.0,0.0,0.7371075105914315
225,307916056.44972247,0.21635308590792884,12906303.538108742,0.012201512798837043,334043898.2567286,0.5912254539681199,0.0,0.0,1104878341.6900182,0.9459402040687825,0.0,0.0,1.7657202567436683
226,2590974669.805847,1.6739418484312758,15670856.040340515,0.01407026685622025,395757609.711391,0.6600448892157935,0.0,0.0,0.0,0.0,0.0,0.0,2.3480570045032896
227,2201396649.889458,1.722752659957101,0.0,0.0,0.0,0.0,0.0,0.0,0.0,0.0,0.0,0.0,1.722752659957101
228,2474933082.7256875,1.7285700603465206,9301666.344262876,0.0092760700838612,319093719.8494471,0.5865245434645051,0.0,0.0,0.0,0.0,0.0,0.0,2.324370673894887
229,2943090480.1702256,1.7085004469009613,249665630.37599707,0.18013207630019606,0.0,0.0,0.0,0.0,0.0,0.0,0.0,0.0,1.8886325232011574
230,0.0,0.0,70286115.48363674,0.07837484514596757,1554645366.1208174,3.1014638691693768,0.0,0.0,0.0,0.0,0.0,0.0,3.1798387143153444
231,49608582.796562456,0.04240588884722319,401193372.6696339,0.42331680269446836,6823895.235830067,0.014152686660807158,0.0,0.0,0.0,0.0,0.0,0.0,0.4798753782024987
232,339162836.1997901,0.30376618268804434,0.0,0.0,0.0,0.0,58268446.71237859,0.033896214323784424,0.0,0.0,0.0,0.0,0.33766239701182876
233,325314155.37752134,0.24879798045709356,0.0,0.0,7666231.916690474,0.014998125821972946,28606573.658476517,0.014584310202612192,0.0,0.0,0.0,0.0,0.2783804164816787
234,2895543331.172453,1.7062503207526407,145210217.84553385,0.11450217305896478,459872246.4797193,0.6908450538643821,0.0,0.0,0.0,0.0,0.0,0.0,2.5115975476759878
235,55730912.092838466,0.04161417706162823,4456139.286422751,0.00459796323892281,86753867.1717608,0.16390123286992184,10008913.22893765,0.005391965241060635,112556677.93892528,0.10649820568590423,0.0,0.0,0.32200354409743775
236,0.0,0.0,26824276.489408605,0.02905961141524304,43305201.081193,0.08788840439581219,44774861.999488935,0.023689365779655955,370518544.65783346,0.36476420611713994,0.0,0.0,0.5054015877078512
237,0.0,0.0,209292639.02218026,0.20012741252787092,0.0,0.0,59801660.37935762,0.02809514342038076,0.0,0.0,0.0,0.0,0.2282225559482517
238,210356259.7962503,0.156348485069992,4237627.331887077,0.004322450133674839,1638763963.3644724,2.9380350851521375,32349882.354399003,0.014557295818601927,0.0,0.0,0.0,0.0,3.113263316174406
239,864599327.9999647,0.5808097799879238,277341115.27427,0.24143206385186158,1868925160.3885715,3.0928053967925533,2556778.761866836,0.0009630482740271178,0.0,0.0,0.0,0.0,3.9160102889063655
240,2204946352.6661963,1.7262301234021726,55459792.71265355,0.05968182953565425,1478357327.8422837,2.8701389598590246,0.0,0.0,0.0,0.0,0.0,0.0,4.656050912796852
241,2178760925.5156236,1.7005821813292583,0.0,0.0,0.0,0.0,0.0,0.0,0.0,0.0,0.0,0.0,1.7005821813292583
242,107835295.63562301,0.07233535469449606,215898364.8279624,0.18602115977314404,34258159.999343306,0.057010010083282554,81116515.60014209,0.03380444277855533,0.0,0.0,0.0,0.0,0.34917096732947794
243,146598171.67929983,0.10772078378359462,137651667.74403048,0.1319452998446996,1050795670.7823515,1.8729837461794263,0.0,0.0,0.0,0.0,0.0,0.0,2.1126498298077205
244,288131747.84753036,0.2123325731503753,134364755.03395915,0.13034726386571338,0.0,0.0,0.0,0.0,0.0,0.0,0.0,0.0,0.3426798370160887
245,2131073032.5096667,1.7061225207219177,3625741.0459314752,0.004182655709625777,7042059.250607735,0.015538299785980798,26291660.780167006,0.014694581540954385,190362705.3558359,0.20226512077335407,0.0,0.0,1.942803178531833
246,3207794575.178793,1.708225812086519,0.0,0.0,0.0,0.0,38261684.12749353,0.011015888413255027,0.0,0.0,0.0,0.0,1.719241700499774
247,132005292.71894348,0.1113191902098135,121600886.33888763,0.13386823078799232,106453204.79366502,0.2234476864900475,73667777.38146026,0.03939807337549596,0.0,0.0,0.0,0.0,0.5080331808633493
248,2550798207.836173,1.6842036191391325,176976012.16191024,0.1534160281322713,0.0,0.0,0.0,0.0,138810794.872806,0.11033725548766367,0.0,0.0,1.9479569027590673
249,0.0,0.0,44401940.10853681,0.04519070588166547,638364464.5330219,1.1816786387619969,135967241.3118722,0.059052254982019,0.0,0.0,0.0,0.0,1.2859215996256812
250,2654485816.523729,1.725592657515209,13694503.382168874,0.011615454128504014,0.0,0.0,0.0,0.0,0.0,0.0,0.0,0.0,1.737208111643713
251,2902140999.0679455,1.7111252922113647,0.0,0.0,0.0,0.0,0.0,0.0,0.0,0.0,0.0,0.0,1.7111252922113647
252,486119568.25357425,0.29514128107684756,0.0,0.0,0.0,0.0,117334868.85552305,0.04440999737948671,26823353.32769461,0.020861468583262946,0.0,0.0,0.3604127470395972
253,0.0,0.0,26518384.357275818,0.028633410196543394,1636755500.861577,3.0766127573241406,0.0,0.0,0.0,0.0,0.0,0.0,3.105246167520684
254,2336953015.2336354,1.728859688770081,0.0,0.0,0.0,0.0,0.0,0.0,0.0,0.0,0.0,0.0,1.728859688770081
255,716817852.234167,0.5796743216223077,0.0,0.0,1135732668.3031847,2.2845316481889846,0.0,0.0,0.0,0.0,0.0,0.0,2.8642059698112923
256,2066080180.568835,1.6220258376248307,0.0,0.0,0.0,0.0,0.0,0.0,0.0,0.0,0.0,0.0,1.6220258376248307
257,141333561.71238393,0.10534960369513892,57282569.059928685,0.05685468237123171,75804542.48253395,0.14384550965619847,84769825.66859017,0.03873419498844781,0.0,0.0,0.0,0.0,0.3447839907110169
258,2448606940.0513906,1.7055698247588122,15276172.855135813,0.015349847502662033,1693948454.5271235,2.9688853085057785,0.0,0.0,0.0,0.0,0.0,0.0,4.689804980767253
259,2210928464.1155386,1.7320927998368791,0.0,0.0,1497193749.3340573,2.927628576496656,0.0,0.0,0.0,0.0,0.0,0.0,4.659721376333535
260,79703156.07466957,0.0716031765535152,3646719.488212917,0.004531682779587265,221306331.60952115,0.49525536355336636,4763390.88450706,0.002860976642126061,0.0,0.0,0.0,0.0,0.5742511995285948
261,3203815739.7175336,1.7055698247588122,0.0,0.0,0.0,0.0,0.0,0.0,0.0,0.0,0.0,0.0,1.7055698247588122
262,2210925509.1025534,1.7320899038823883,0.0,0.0,882315535.2789629,1.7014105151436358,0.0,0.0,0.0,0.0,0.0,0.0,3.433500419026024
263,2282224328.440627,1.6701367128146085,3804284.5576564185,0.0038794460510751146,228521037.2872982,0.4330891363153649,0.0,0.0,0.0,0.0,0.0,0.0,2.1071052951810487
264,20946888.156921607,0.01231333992984269,249122304.3926844,0.18421102454466592,0.0,0.0,0.0,0.0,0.0,0.0,0.0,0.0,0.1965243644745086
265,81902411.7356392,0.05521428138996379,715625389.3628695,0.587898438930211,0.0,0.0,4764769.156164988,0.0019134191708733335,275810102.8376014,0.2152925682723341,0.0,0.0,0.8603187077633822
266,0.0,0.0,407832935.60091794,0.343220784691534,385511499.08627915,0.6238026307693161,0.0,0.0,0.0,0.0,0.0,0.0,0.9670234154608501
267,178324235.7761302,0.14105265291603386,54135363.28476539,0.056967142612772886,10854605.762096759,0.02214307386123,334033.0690113111,0.00019353187185040295,0.0,0.0,0.0,0.0,0.22035640126188713
268,1545649719.875745,0.9296698098482483,0.0,0.0,33527270.528368317,0.052759034315120384,0.0,0.0,386910806.28069556,0.29891705467086854,0.0,0.0,1.2813458988342372
269,0.0,0.0,132642008.64294401,0.10645531465104516,0.0,0.0,49160331.72353546,0.019367534596642828,370486056.9544761,0.2816157413714487,0.0,0.0,0.4074385906191367
270,457143668.93873763,0.30720165871904037,349877280.2522054,0.30427746285959645,0.0,0.0,6500929.992833284,0.0028620982783649157,0.0,0.0,0.0,0.0,0.6143412198570017
271,1892461523.0253406,1.7258819080196224,3313197.082065327,0.004500618257082326,64508444.91575645,0.16062708248111537,57895688.8071165,0.03553131469511555,0.0,0.0,0.0,0.0,1.9265409234529356
272,2306139606.007718,1.7003474312603706,4025504.159470916,0.0043742025873368135,114270366.47932167,0.22754985396325614,973954.8510665837,0.000530844819099071,276710242.28835076,0.2717838450620978,0.0,0.0,2.2045861776921605
273,1598522302.6720223,0.9187019873482984,0.0,0.0,0.0,0.0,0.0,0.0,10415124.433043536,0.008179404379706606,0.0,0.0,0.9268813917280051
274,0.0,0.0,135705399.91751197,0.1330287465467887,1729317034.8351018,3.063828522560663,0.0,0.0,0.0,0.0,0.0,0.0,3.196857269107452
275,2012614371.4799702,1.7162750474668034,0.0,0.0,1350392716.4649653,2.852789488320952,0.0,0.0,0.0,0.0,0.0,0.0,4.5690645357877555
276,0.0,0.0,213541329.11705413,0.18301753499992662,1945264413.6435468,3.0579405698658375,42272724.03565448,0.016942273993119525,0.0,0.0,0.0,0.0,3.2579003788588836
277,19457668.32005225,0.012093014951650518,25785660.456308585,0.02142613444314842,888693715.8216553,1.3219525023880374,0.0,0.0,158274685.772543,0.11668606449422401,0.0,0.0,1.4721577162770603
278,3033817079.2888308,1.7135406704401164,0.0,0.0,0.0,0.0,0.0,0.0,0.0,0.0,0.0,0.0,1.7135406704401164
279,2595779940.7514586,1.6778485463913704,0.0,0.0,0.0,0.0,0.0,0.0,0.0,0.0,0.0,0.0,1.6778485463913704
280,194703455.46130544,0.14947168914111955,39793699.1514819,0.040752918508556384,316806749.6172594,0.6106046460250143,0.0,0.0,48104440.67335488,0.04674152966564527,0.0,0.0,0.8475707833403355
281,2779846440.3733296,1.722669856108459,0.0,0.0,86925651.96701244,0.1400677637011291,15480700.517205592,0.005721515035022294,0.0,0.0,0.0,0.0,1.8684591348446105
282,2359415876.696002,1.7004149608598715,98747789.00359404,0.09811720537370794,42232322.631779924,0.08141634589788868,2421264.3562995885,0.0012156413675003322,0.0,0.0,0.0,0.0,1.8811641534989687
283,2898588808.0198574,1.7085004469009613,0.0,0.0,56393625.16503851,0.0856612527144917,0.0,0.0,0.0,0.0,0.0,0.0,1.794161699615453
284,2646302255.949433,1.7189354780744135,0.0,0.0,0.0,0.0,0.0,0.0,0.0,0.0,0.0,0.0,1.7189354780744135
285,0.0,0.0,169013611.16336596,0.13505263862176056,9789262.28782409,0.014975858896700497,40911554.718632564,0.016108496338878606,0.0,0.0,0.0,0.0,0.16613699385733965
286,2028970842.5326862,1.733751733139998,0.0,0.0,120913281.966665,0.2753659329499712,0.0,0.0,42144780.304464266,0.04830832238196911,0.0,0.0,2.0574259884719384
287,2291389298.38846,1.6867006414474548,25647856.190894146,0.02680682332990765,0.0,0.0,0.0,0.0,0.0,0.0,0.0,0.0,1.7135074647773625
288,418873031.1681831,0.3074785840137795,0.0,0.0,0.0,0.0,0.0,0.0,0.0,0.0,0.0,0.0,0.3074785840137795
289,0.0,0.0,55847219.70859088,0.06456001124726074,228688881.5703663,0.49281460240451674,35674308.43284768,0.01990808296620786,0.0,0.0,0.0,0.0,0.5772826966179853
290,3046506844.0798225,1.7225221154754222,0.0,0.0,36230484.81467994,0.05591123763262791,0.0,0.0,95435191.86626421,0.0740922293547532,0.0,0.0,1.8525255824628033
291,1843532471.597867,1.2701403991511084,0.0,0.0,0.0,0.0,0.0,0.0,0.0,0.0,0.0,0.0,1.2701403991511084
292,158179166.47244307,0.10847595945130328,0.0,0.0,120805817.83222637,0.20941474790295037,69746770.8091405,0.031076884980031826,0.0,0.0,0.0,0.0,0.3489675923342854
293,2977778002.848852,1.733751733139998,0.0,0.0,0.0,0.0,3544242.144567023,0.0008299845420638365,0.0,0.0,0.0,0.0,1.734581717682062
294,1891201516.1225734,1.7244439115168042,194658070.98631415,0.23669012002699194,0.0,0.0,0.0,0.0,0.0,0.0,0.0,0.0,1.9611340315437962
295,0.0,0.0,41905695.7921803,0.04515885884825089,1653741045.9764667,3.1258720218670097,0.0,0.0,0.0,0.0,0.0,0.0,3.1710308807152607
296,0.0,0.0,824392163.1787035,0.7771494561253217,0.0,0.0,0.0,0.0,0.0,0.0,0.0,0.0,0.7771494561253217
297,0.0,0.0,379733733.56016773,0.42675218436916484,602910636.6987283,1.2950186395399053,80547898.27407378,0.042045868955519414,0.0,0.0,0.0,0.0,1.7638166928645895
298,0.0,0.0,93805821.69759755,0.07945410267610134,1936778789.7010918,2.9367399246621684,7318403.546189155,0.0028906855415648685,0.0,0.0,0.0,0.0,3.0190847128798346
299,228387053.58209455,0.14272267835252328,0.0,0.0,0.0,0.0,94488462.24772415,0.038371430893043096,250111739.27140114,0.19477734736264155,0.0,0.0,0.3758714566082079
300,0.0,0.0,25282611.717380557,0.02914809057774933,48151164.47810395,0.10412607874640593,24326673.16829239,0.014175404870496934,8603108.60531373,0.009380045223586724,0.0,0.0,0.15682961941823892
301,3121718652.3830824,1.6507784773682221,19618262.966486055,0.014790491290605043,10520780.617324358,0.015356745011107863,0.0,0.0,87860334.99081065,0.0635035735035171,0.0,0.0,1.744429287173452
302,208975682.8698757,0.1551138031221208,318041976.5783728,0.30138140546203973,0.0,0.0,73647532.96436945,0.03427353136530946,0.0,0.0,0.0,0.0,0.49076873994947
303,0.0,0.0,15156794.747678246,0.016173284212683794,82045025.61684324,0.1629830767690167,2580756.8678076062,0.001525578742573076,8692467.380926859,0.008766716963570726,0.0,0.0,0.1894486566878443
304,0.0,0.0,317807681.3304541,0.3351322345251231,0.0,0.0,0.0,0.0,0.0,0.0,0.0,0.0,0.3351322345251231
305,2289875852.5360165,1.6853003805095796,0.0,0.0,0.0,0.0,0.0,0.0,0.0,0.0,0.0,0.0,1.6853003805095796
306,12082182.142318245,0.012109443555332592,164730370.19412994,0.2066412978159213,0.0,0.0,0.0,0.0,352887511.4759386,0.4223479322159953,0.0,0.0,0.6410986735872493
307,2562479743.3138065,1.6507784773682221,0.0,0.0,210252245.28356183,0.33278805668153555,0.0,0.0,0.0,0.0,0.0,0.0,1.9835665340497577
308,0.0,0.0,4386680.6307302425,0.004617725674816178,373427962.6733037,0.6968407451547698,0.0,0.0,0.0,0.0,0.0,0.0,0.701458470829586
309,147358941.679942,0.10838902975922182,68314803.0832249,0.06646118274632415,8285490.328246046,0.015691350718197137,41702268.54279808,0.02013923723144871,0.0,0.0,0.0,0.0,0.21068080045519183
310,74655441.71115465,0.07391536902465742,33785912.18106221,0.044651608902933265,138205141.76922816,0.34255268641846504,114043835.27298862,0.06665192421703445,10807998.839474324,0.013091025204598799,0.0,0.0,0.540862613767689
311,55194271.167429246,0.042022714389091234,15737938.221028578,0.01626460765458446,85000587.60894954,0.16318773726163582,144179671.40280846,0.06427420678728377,56301896.378131844,0.051618364805996464,0.0,0.0,0.3373676308985918
312,2162037595.7292323,1.6842036191391325,29997785.529226616,0.03086261664022286,0.0,0.0,0.0,0.0,0.0,0.0,0.0,0.0,1.7150662357793554
313,667130232.6941775,0.4755835580162006,27410676.156016007,0.026323942418355,0.0,0.0,0.0,0.0,0.0,0.0,0.0,0.0,0.5019075004345556
314,2067473481.5137422,1.7175864933525755,22841932.795955643,0.026883990801609425,146810822.4982509,0.32509850233828486,0.0,0.0,57203191.892739415,0.06377917988870734,0.0,0.0,2.133348166381177
315,0.0,0.0,523863586.6063477,0.5950540495150436,0.0,0.0,0.0,0.0,0.0,0.0,0.0,0.0,0.5950540495150436
316,18342694.479870725,0.012561007382388169,0.0,0.0,61418325.599127665,0.10600190596226136,0.0,0.0,329372111.6251838,0.2787209217733096,0.0,0.0,0.3972838351179591
317,0.0,0.0,691985142.7406358,0.7671645462442239,0.0,0.0,0.0,0.0,0.0,0.0,0.0,0.0,0.7671645462442239
318,1064085586.1711609,0.761244725812942,0.0,0.0,0.0,0.0,130289972.42056781,0.0543198232947366,0.0,0.0,0.0,0.0,0.8155645491076786
319,520187679.86499995,0.37222728344108197,0.0,0.0,72351687.42837773,0.13212772990111998,0.0,0.0,0.0,0.0,0.0,0.0,0.5043550133422019
320,40800283.0608771,0.025056616684115726,19293882.33707059,0.016051193799610484,460199895.1072486,0.694865126938647,0.0,0.0,0.0,0.0,0.0,0.0,0.7359729374223732
321,1740642706.9151902,1.2626386167921746,707952010.3784103,0.6418810223371739,0.0,0.0,0.0,0.0,0.0,0.0,0.0,0.0,1.9045196391293486
322,988567464.4960543,0.5771457664230863,0.0,0.0,218008957.30605322,0.33055991903093546,0.0,0.0,1027491822.1028563,0.7602842691209326,0.0,0.0,1.6679899545749544
323,2794127667.53649,1.733751733139998,0.0,0.0,0.0,0.0,0.0,0.0,0.0,0.0,0.0,0.0,1.733751733139998
324,2761866693.162659,1.70872322949317,22993585.94820662,0.020487853226309822,0.0,0.0,35592441.15967201,0.01553649997287917,0.0,0.0,0.0,0.0,1.7447475826923589
325,279148896.5964699,0.21806130218355035,4009299.500449193,0.004307970831506818,1672255886.9359016,3.1588708716700866,0.0,0.0,0.0,0.0,0.0,0.0,3.381240144685144
326,2949855578.661952,1.713423987469715,0.0,0.0,0.0,0.0,0.0,0.0,0.0,0.0,0.0,0.0,1.713423987469715
327,34418803.09385135,0.02736486759238363,828113629.7902443,0.7823336857691368,0.0,0.0,718040.8527763643,0.0003432972335543317,0.0,0.0,0.0,0.0,0.8100418505950747
328,0.0,0.0,571478863.535367,0.59535890370501,0.0,0.0,0.0,0.0,0.0,0.0,0.0,0.0,0.59535890370501
329,13395827.51862188,0.012264323700958264,36997683.47631796,0.044521797986334724,29838512.798032764,0.0682976445617511,27786390.017997995,0.016494461030966426,0.0,0.0,0.0,0.0,0.14157822728001052
330,1075431679.5211868,0.7712211405250612,839160703.2860014,0.7561802576886134,0.0,0.0,0.0,0.0,0.0,0.0,0.0,0.0,1.5274013982136747
331,16890818.55033301,0.012060580389159529,4697832.763037324,0.004592677838321717,1863449880.469435,3.0812230739816298,0.0,0.0,0.0,0.0,0.0,0.0,3.097876332209111
332,1870082793.7997751,1.7003474312603706,0.0,0.0,19151265.80035473,0.04372308608140768,0.0,0.0,0.0,0.0,0.0,0.0,1.7440705173417783
333,2833749885.705082,1.6606000935061647,0.0,0.0,0.0,0.0,0.0,0.0,0.0,0.0,0.0,0.0,1.6606000935061647
334,2597718557.608475,1.7231545774579446,0.0,0.0,0.0,0.0,0.0,0.0,0.0,0.0,0.0,0.0,1.7231545774579446
335,2663604102.677249,1.7330130987914028,0.0,0.0,0.0,0.0,7247016.42801288,0.0029994993634038353,0.0,0.0,0.0,0.0,1.7360125981548067
336,62063117.7422255,0.041942743995903725,8082743.860974122,0.0074372553055373864,602422556.044151,0.9923435894366851,0.0,0.0,0.0,0.0,0.0,0.0,1.0417235887381262
337,0.0,0.0,177660138.44338953,0.1331562046047265,1168578542.8139634,1.6246069931291094,0.0,0.0,0.0,0.0,0.0,0.0,1.757763197733836
338,2314656088.2862616,1.708225812086519,25785323.569802485,0.02709526443796333,487519999.6923671,0.9404723078846182,0.0,0.0,0.0,0.0,0.0,0.0,2.6757933844091006
339,235397715.39548314,0.14728065147070707,158497706.52213567,0.13004636087344412,1509037518.4988468,2.293182160736198,0.0,0.0,0.0,0.0,0.0,0.0,2.570509173080349
340,0.0,0.0,65109755.17659491,0.057899351875153056,0.0,0.0,0.0,0.0,904961509.7222462,0.7304079094801386,0.0,0.0,0.7883072613552916
341,845707112.3405282,0.5653107279793657,19176730.927555084,0.01751260170232262,421019201.8186283,0.7145942307293092,0.0,0.0,0.0,0.0,0.0,0.0,1.2974175604109974
342,0.0,0.0,4718725.847374999,0.004631214430143686,1382592521.972377,2.3242107516973105,0.0,0.0,0.0,0.0,0.0,0.0,2.328841966127454
343,0.0,0.0,68230080.29715064,0.07760545753590464,48360782.59125042,0.1042793975445929,0.0,0.0,266547258.12634832,0.2861208779874892,0.0,0.0,0.46800573306798676
344,102873372.35223976,0.10792233814937824,0.0,0.0,17136384.802660834,0.04609080173439978,0.0,0.0,303681830.7989167,0.400818659307119,0.0,0.0,0.5548317991908971
345,3503435115.83247,1.7270733600461734,0.0,0.0,0.0,0.0,0.0,0.0,0.0,0.0,0.0,0.0,1.7270733600461734
346,63811835.192073785,0.04020631255998957,94101726.98226838,0.07756554697006325,861463632.2447338,1.3151119405522298,0.0,0.0,0.0,0.0,0.0,0.0,1.4328838000822826
347,296030253.8233337,0.2444379565794757,119488590.06722839,0.1295172988452684,42506688.55580102,0.08933549235706553,46086507.14343965,0.02502674757970851,468610061.0026573,0.4890672043058393,0.0,0.0,0.9773846996673574
348,2595860206.9891896,1.7216115786400197,0.0,0.0,0.0,0.0,0.0,0.0,0.0,0.0,0.0,0.0,1.7216115786400197
349,0.0,0.0,4453228.9580009645,0.004749558338027404,30420327.30067426,0.05960117081186587,43626792.91452722,0.022578125180272565,415870037.7640507,0.3905777976310022,0.0,0.0,0.47750665196116804
350,0.0,0.0,54658185.519138485,0.07170031521665604,1342531457.515688,3.1302015883658565,24251121.681505255,0.014171935967395206,0.0,0.0,0.0,0.0,3.216073839549908
351,630062977.8835,0.4729891655519055,343320005.4054073,0.33266207568947537,0.0,0.0,0.0,0.0,0.0,0.0,0.0,0.0,0.8056512412413809
352,57098078.76412327,0.04118988594717126,881640208.902045,0.7560367612074158,0.0,0.0,0.0,0.0,0.0,0.0,0.0,0.0,0.797226647154587
353,271159654.6452733,0.21150653910200815,0.0,0.0,1639015567.4923935,3.082009057996008,0.0,0.0,0.0,0.0,0.0,0.0,3.2935155970980166
354,2481514781.293913,1.6956762992319923,4178438.5060868775,0.0040576427111986245,0.0,0.0,33478056.260647282,0.015358724274347452,0.0,0.0,0.0,0.0,1.7150926662175383
355,1985264376.8302693,1.3031734890253928,636565639.8221749,0.5327979170973898,51813808.74813917,0.08793218158373808,33118206.64844171,0.013160391036071202,0.0,0.0,0.0,0.0,1.9370639787425918
356,263916032.8808304,0.1860477029366264,142361957.84590107,0.1319215813085394,47212532.77774934,0.08504518778723458,2850579.5085493946,0.0013782967034857133,0.0,0.0,0.0,0.0,0.4043927687358861
357,410926133.1212524,0.30040866951757406,28690398.54444175,0.028070882552901966,0.0,0.0,0.0,0.0,0.0,0.0,0.0,0.0,0.328479552070476
358,2348883162.2409034,1.7399050899455146,13950542.565404259,0.014359395315722185,108330724.34192708,0.21224366754398855,0.0,0.0,0.0,0.0,0.0,0.0,1.9665081528052253
359,86454370.9451662,0.055583888655131454,33303042.920460153,0.028799241791492222,2083088726.2810092,3.154551988804653,0.0,0.0,0.0,0.0,0.0,0.0,3.2389351192512765
360,0.0,0.0,78810437.41145214,0.07838159270574246,0.0,0.0,95625140.8532991,0.04481101980485325,0.0,0.0,0.0,0.0,0.12319261251059571
361,0.0,0.0,284691506.3004402,0.21021553461986303,0.0,0.0,0.0,0.0,0.0,0.0,0.0,0.0,0.21021553461986303
362,0.0,0.0,242070407.84830317,0.260718260722526,0.0,0.0,0.0,0.0,0.0,0.0,0.0,0.0,0.260718260722526
363,51489938.44415352,0.04124834578740287,88259099.11559078,0.09232899368036876,376444125.90933317,0.7379728623542485,0.0,0.0,0.0,0.0,0.0,0.0,0.8715502018220201
364,60901557.043159604,0.04102040060077098,152168355.2124307,0.13199551212069482,0.0,0.0,0.0,0.0,0.0,0.0,0.0,0.0,0.1730159127214658
365,2050435753.2382226,1.6998616376918227,0.0,0.0,123452453.5767653,0.24982721001567043,0.0,0.0,0.0,0.0,0.0,0.0,1.9496888477074932
366,1352586519.9464383,0.9103282857314647,0.0,0.0,1789283544.3646173,2.9859088450000195,0.0,0.0,0.0,0.0,0.0,0.0,3.8962371307314845
367,0.0,0.0,481058608.4836265,0.4206909510796911,11451059.394147266,0.02047522482476808,0.0,0.0,719608593.6362271,0.6133821978046322,0.0,0.0,1.0545483737090915
368,0.0,0.0,28307459.458405763,0.0290684342163959,84394700.54913637,0.16109747784033165,41724441.23198669,0.020904860788543547,0.0,0.0,0.0,0.0,0.2110707728452711
369,11773406.226632854,0.012756015318458904,3168639.187325121,0.004727061251091405,383046633.65295523,0.9984083839579316,0.0,0.0,0.0,0.0,0.0,0.0,1.015891460527482
370,0.0,0.0,23985565.992787622,0.0295822568924348,537470597.5705308,1.1868007042381632,122360320.09069803,0.0631479059363888,0.0,0.0,0.0,0.0,1.279530867066987
371,23410018.49188537,0.012775574918724518,91101619.92374615,0.06481216147913335,192673506.28789997,0.25721029372809456,58601018.631040365,0.020496546367374843,0.0,0.0,0.0,0.0,0.3552945764933273
372,90370360.71879736,0.07198382140390995,0.0,0.0,80579439.08814323,0.1632598967911638,94708865.19546634,0.04798282295540712,0.0,0.0,0.0,0.0,0.28322654115048085
373,2962355138.6633177,1.7225221154754222,0.0,0.0,0.0,0.0,0.0,0.0,0.0,0.0,0.0,0.0,1.7225221154754222
374,2506961817.778019,1.7175078127457502,0.0,0.0,0.0,0.0,14763239.616195727,0.006440932111949531,0.0,0.0,0.0,0.0,1.7239487448576998
375,2923719548.3670187,1.7270733600461734,0.0,0.0,18545079.545881413,0.02774146840910588,0.0,0.0,0.0,0.0,0.0,0.0,1.7548148284552794
376,0.0,0.0,83295716.30708146,0.06352189729669241,38494273.533546895,0.05615129542401068,0.0,0.0,69301466.1523028,0.05017654875335495,0.0,0.0,0.16984974147405804
377,0.0,0.0,56445532.421493776,0.07900804809617921,1241385342.6810248,3.0938015929740112,0.0,0.0,0.0,0.0,0.0,0.0,3.1728096410701903
378,178055843.995615,0.14015222707600744,256010224.91539901,0.25823294830424093,0.0,0.0,131837275.77748032,0.059359546404555846,0.0,0.0,0.0,0.0,0.4577447217848042
379,3054841901.1737585,1.7284227007585884,731249324.1876879,0.5300211257337384,0.0,0.0,0.0,0.0,0.0,0.0,0.0,0.0,2.258443826492327
380,99962650.24668562,0.071668230507916,82676626.3798591,0.07790835184912799,561933968.4789183,0.9885088158033659,0.0,0.0,0.0,0.0,0.0,0.0,1.13808539816041
381,0.0,0.0,355245187.5371303,0.2608478478305574,0.0,0.0,0.0,0.0,998742360.9260485,0.6888336415772129,0.0,0.0,0.9496814894077703
382,1929006772.6707034,1.6053267776844082,0.0,0.0,0.0,0.0,0.0,0.0,0.0,0.0,0.0,0.0,1.6053267776844082
383,2205833474.87878,1.727099549810716,3829823.2478873436,0.0044343620851454105,290264401.66876715,0.6044221332629367,48863031.43739208,0.025619999837293635,20018841.90601314,0.021020355490441074,0.0,0.0,2.3825964004865328
384,0.0,0.0,75111272.38786536,0.07925612533904942,1660522746.1058092,3.12567994611033,7113838.138995143,0.003193135604518471,0.0,0.0,0.0,0.0,3.2081292070538976
385,1850868204.6872418,1.3053064358148811,170311255.69855583,0.15308123102422927,0.0,0.0,0.0,0.0,0.0,0.0,0.0,0.0,1.4583876668391105
386,35175559.18517056,0.02695504549449944,796972838.2341514,0.7282616207113812,117357287.57493499,0.21281040111974245,35154599.99114323,0.014320597536592563,0.0,0.0,0.0,0.0,0.9823476648622157
387,249695025.58416784,0.18504875265615361,0.0,0.0,0.0,0.0,32939231.189280316,0.01632280302998683,857034170.8825016,0.7857995234609461,0.0,0.0,0.9871710791470865
388,2659047944.0321326,1.7293052441005026,7865563.823690172,0.006467615358065233,0.0,0.0,0.0,0.0,0.0,0.0,0.0,0.0,1.7357728594585677
389,1878458882.4286633,1.709902962351513,0.0,0.0,18407411.20228854,0.043813132425825095,0.0,0.0,0.0,0.0,0.0,0.0,1.753716094777338
390,72418336.40284815,0.042159987603849536,7052219.291705371,0.005599070199905534,561555401.3781165,0.8017192240317271,185329178.87951043,0.06229258335448229,0.0,0.0,0.0,0.0,0.9117708651899645
391,0.0,0.0,146490200.8781714,0.13417655142308904,771736080.5547066,1.3168558315252539,144901526.0433566,0.05696361069877648,0.0,0.0,0.0,0.0,1.5079959936471194
392,15568268.535016282,0.012410450086434408,61909122.21634281,0.06438054576148051,23160981.08270913,0.04594035910865282,0.0,0.0,0.0,0.0,0.0,0.0,0.12273135495656774
393,2593438075.84729,1.719600467753499,0.0,0.0,8503320.369439688,0.01549580077908724,1174341.9349664133,0.000610250684307073,368081343.2987263,0.3222689563369142,0.0,0.0,2.0579754755538078
394,0.0,0.0,818408954.2667834,0.7687802461500326,19622931.498660635,0.035532985856436605,0.0,0.0,0.0,0.0,0.0,0.0,0.8043132320064692
395,76813988.68922366,0.07070472777058781,155334257.4557469,0.18340220651951122,0.0,0.0,0.0,0.0,63491903.552369975,0.07290839106655433,0.0,0.0,0.32701532535665334
396,162945892.69959486,0.10833976816685556,405954368.0658047,0.3404815444714112,1933478014.00246,3.0296549829480988,0.0,0.0,0.0,0.0,0.0,0.0,3.4784762955863657
397,2177719577.714863,1.6995624594331122,143548128.24381793,0.15265240278690492,18245649.56611311,0.03797428172563305,76348254.780726,0.03444837088985656,0.0,0.0,0.0,0.0,1.9246375148355068
398,34006899.606045045,0.025909886142646346,168449142.63348562,0.16352407278497288,1732431410.1844041,3.07220218186584,0.0,0.0,0.0,0.0,0.0,0.0,3.2616361407934593
399,66358389.94100264,0.04286279190927702,10787740.139754627,0.009533975742610949,101312631.03544305,0.16560742385168742,1739678.4293067416,0.0008361395058451418,226998080.243532,0.18398674203895737,0.0,0.0,0.4028270730483779
400,1607292517.342327,0.9249324155990467,539143556.8116369,0.40502820791704763,1079933052.4418995,1.575236945223425,116078608.10997364,0.040698597999444634,659078081.3410306,0.47033124266185566,0.0,0.0,3.4162274094008196
401,0.0,0.0,602104165.1313796,0.5912277558984151,0.0,0.0,829984.3639661702,0.00042089005717299316,0.0,0.0,0.0,0.0,0.5916486459555881
402,18656453.218285713,0.012109914770454294,126118461.05892399,0.10508071316352288,625411709.8361497,0.9747442917829183,0.0,0.0,0.0,0.0,0.0,0.0,1.0919349197168955
403,131666230.80243218,0.11097919803143853,51361486.99395055,0.05746001060637937,0.0,0.0,75748602.15996796,0.04102485374805916,0.0,0.0,0.0,0.0,0.2094640623858771
404,0.0,0.0,4721110.462762758,0.004635612773076936,774128131.6626747,1.3246529641124796,139016455.57294083,0.05383090804966269,0.0,0.0,0.0,0.0,1.383119484935219
405,0.0,0.0,817629691.7628177,0.7676902170765317,0.0,0.0,1156265.2124528196,0.00044167624334779813,0.0,0.0,0.0,0.0,0.7681318933198795
406,15781263.089674834,0.012109443555332592,622385020.683641,0.570310824229415,1660878795.89434,2.8790356771668177,0.0,0.0,0.0,0.0,0.0,0.0,3.4614559449515654
407,460582343.559975,0.3771102189646198,0.0,0.0,93962522.3882024,0.1967734239644341,0.0,0.0,179572489.96068868,0.18899766906337936,0.0,0.0,0.7628813119924333
408,0.0,0.0,16944752.410066277,0.016341677373632003,1379223311.4491212,2.3153770893812022,44667201.460907385,0.018643816969253865,0.0,0.0,0.0,0.0,2.3503625837240882
409,103617443.83931933,0.0729885849513056,4638878.911098079,0.004483939439921694,460950549.7926935,0.8016021810903162,0.0,0.0,0.0,0.0,0.0,0.0,0.8790747054815435
410,3174433455.8007245,1.6859552199925019,109750950.54491529,0.07851727085350349,2132860791.4711657,2.795991322211978,0.0,0.0,0.0,0.0,0.0,0.0,4.560463813057983
411,1519112910.4757476,1.3110674565524667,0.0,0.0,1379774057.6175976,2.9497169091145143,0.0,0.0,0.0,0.0,0.0,0.0,4.260784365666981
412,438761635.7286066,0.41622415198450646,0.0,0.0,1334700864.77242,3.101567124723287,0.0,0.0,0.0,0.0,0.0,0.0,3.5177912767077935
413,0.0,0.0,962910139.7379049,0.7791204937850907,0.0,0.0,0.0,0.0,0.0,0.0,0.0,0.0,0.7791204937850907
414,0.0,0.0,907366988.0613166,0.7654401211569137,0.0,0.0,0.0,0.0,0.0,0.0,0.0,0.0,0.7654401211569137
415,258783585.36305735,0.21414326483422438,13666338.833788034,0.015442878568088392,1555319742.4134579,3.103606129386287,0.0,0.0,0.0,0.0,0.0,0.0,3.3331922727886
416,136059887.18457368,0.10492866471672926,4169701.411533423,0.004479478654311595,172777187.4263981,0.3370500774027625,48656920.2115034,0.024379138241891068,0.0,0.0,0.0,0.0,0.47083735901569446
417,14437822.625664577,0.012473328884263588,121578569.68345529,0.13404529668389742,25896767.128908753,0.054826324369514276,0.0,0.0,360989578.4791397,0.3790512915865784,0.0,0.0,0.5803962415242536
418,0.0,0.0,71932999.6613662,0.058818309100833785,74524363.22625068,0.11500866209155532,50578799.96871934,0.02019185607822569,54868665.42431726,0.0421087475919083,0.0,0.0,0.2361275748625231
419,2291464132.600421,1.678649860529391,0.0,0.0,0.0,0.0,0.0,0.0,41005901.436377205,0.03747968525532733,0.0,0.0,1.7161295457847183
420,0.0,0.0,15691838.702509731,0.016173284212683794,1281244717.2919683,2.307707797426339,0.0,0.0,0.0,0.0,0.0,0.0,2.3238810816390227
421,0.0,0.0,751552488.1698258,0.7625173875573235,0.0,0.0,0.0,0.0,0.0,0.0,0.0,0.0,0.7625173875573235
422,2381802713.633394,1.7206608297668393,10570020.998384962,0.009233057051849514,0.0,0.0,0.0,0.0,0.0,0.0,0.0,0.0,1.7298938868186888
423,2321275868.3036814,1.7061225207219177,36272584.168982245,0.03555793183847377,0.0,0.0,0.0,0.0,0.0,0.0,0.0,0.0,1.7416804525603915
424,32098799.18346955,0.02590241972583572,62062897.389478326,0.06565108826910551,1640691559.71509,3.086988526304294,0.0,0.0,0.0,0.0,0.0,0.0,3.1785420342992357
425,137676949.512008,0.1088670127482082,41405635.318969354,0.04377675104852831,0.0,0.0,0.0,0.0,22482198.373973135,0.022894497172404788,0.0,0.0,0.1755382609691413
426,102099034.88247892,0.10695156430066263,595370623.2524074,0.7514533715220619,0.0,0.0,0.0,0.0,0.0,0.0,0.0,0.0,0.8584049358227246
427,2063585126.3626559,1.7135406704401164,0.0,0.0,40975969.443097845,0.08862413024202591,1085467.6235035441,0.0006030819865388387,0.0,0.0,0.0,0.0,1.802767882668681
428,0.0,0.0,76191209.44623652,0.0785209911229958,0.0,0.0,38871458.416527554,0.01961388410118662,299675825.69847244,0.2905284454308452,0.0,0.0,0.3886633206550276
429,116155012.92728874,0.07325329663954502,5236649.361028847,0.004570385434668351,65016230.52857597,0.10474026265878786,14419197.39519903,0.006683593935930001,541005907.0926975,0.42688078480428115,0.0,0.0,0.6161283234732124
430,3015171909.4976835,1.7003474312603706,0.0,0.0,8016406.150997929,0.011031106439526317,0.0,0.0,0.0,0.0,0.0,0.0,1.711378537699897
431,2083692133.6680853,1.734466900757281,0.0,0.0,0.0,0.0,0.0,0.0,5277671.931622939,0.005934200128572395,0.0,0.0,1.7404011008858535
432,2365205428.2429333,1.705649880318643,0.0,0.0,0.0,0.0,0.0,0.0,0.0,0.0,0.0,0.0,1.705649880318643
433,142183146.20043525,0.10610940679668929,0.0,0.0,1716268209.0243096,3.029066781840511,12573787.383813675,0.005846263461486524,0.0,0.0,0.0,0.0,3.1410224520986865
434,2185754240.8187213,1.7074304577363189,0.0,0.0,131888706.35785156,0.27541050547979556,0.0,0.0,5343201.957755504,0.005629280993855778,0.0,0.0,1.9884702442099702
435,65613548.51573366,0.04154873854843513,323995305.9164739,0.25849184363003996,0.0,0.0,0.0,0.0,0.0,0.0,0.0,0.0,0.30004058217847507
436,0.0,0.0,147523756.41848427,0.1877040789721704,22165095.687397506,0.05453267230090213,62153538.42341943,0.038601806179831666,64439916.036274485,0.07880970551071473,0.0,0.0,0.35964826296361896
437,2197500006.04429,1.7189354780744135,0.0,0.0,0.0,0.0,0.0,0.0,0.0,0.0,0.0,0.0,1.7189354780744135
438,3242393366.2363853,1.7313302534372261,0.0,0.0,0.0,0.0,6289609.35950053,0.0013491459553320317,0.0,0.0,0.0,0.0,1.7326793993925582
439,2263169442.211081,1.6606000935061647,0.0,0.0,32939040.404293917,0.06232523349004071,0.0,0.0,0.0,0.0,0.0,0.0,1.7229253269962053
440,3234747127.272808,1.726222304371908,0.0,0.0,0.0,0.0,0.0,0.0,0.0,0.0,0.0,0.0,1.726222304371908
441,2900550797.396263,1.6775468675277645,0.0,0.0,1967185463.6213794,2.8197942388044734,0.0,0.0,0.0,0.0,0.0,0.0,4.497341106332238
442,0.0,0.0,26763674.508380987,0.02914809057774933,1222820562.9519022,2.3455603900340734,68031611.52583766,0.030999335021594195,0.0,0.0,0.0,0.0,2.405707815633417
443,1843599119.505828,1.6701367128146085,0.0,0.0,0.0,0.0,0.0,0.0,0.0,0.0,0.0,0.0,1.6701367128146085
444,50537646.77792094,0.0405331489621398,784846769.4116303,0.7471786757032581,0.0,0.0,0.0,0.0,0.0,0.0,0.0,0.0,0.7877118246653979
445,519193962.40428996,0.37136186208539357,44415642.28313445,0.043649392111143326,0.0,0.0,82128443.10108134,0.03835001558188733,0.0,0.0,0.0,0.0,0.4533612697784242
446,0.0,0.0,514980402.96690226,0.46902969666335453,17411412.37432031,0.031555043458698154,69621761.32077911,0.028784516496048736,32561832.019129172,0.029196482345983658,0.0,0.0,0.5585657389640851
447,2162957014.268853,1.685104066423853,3277922.2998113027,0.003426811974774838,0.0,0.0,0.0,0.0,0.0,0.0,0.0,0.0,1.688530878398628
448,18218240.203608043,0.012462183808381905,49907549.63633065,0.045012764427091706,0.0,0.0,0.0,0.0,0.0,0.0,0.0,0.0,0.05747494823547361
449,14545211.544638285,0.012946111131252875,696779075.8649132,0.7335021497070291,6666883.501291968,0.014182561395259148,73822748.74726099,0.030661383619196285,0.0,0.0,0.0,0.0,0.7912922058527374
450,71573907.2645349,0.04158281030152308,354409482.0345784,0.25985444186346496,0.0,0.0,5559994.632354785,0.002058624150558849,0.0,0.0,0.0,0.0,0.3034958763155469
451,18288960.643502664,0.012518339746414364,31919137.275524125,0.029133872422369162,11560104.322006911,0.019967715732523192,163636622.1581834,0.06352257683973686,0.0,0.0,0.0,0.0,0.12514250474104358
452,0.0,0.0,20976129.580173314,0.016846356028297454,112244604.80841213,0.1658977545404951,25194575.16297842,0.010586673521405653,219879666.88433328,0.16197357946237873,0.0,0.0,0.35530436355257694
453,2390382553.9282064,1.7284227007585884,0.0,0.0,15388555.350890988,0.028400338817127703,0.0,0.0,0.0,0.0,0.0,0.0,1.756823039575716
454,11917434.497928457,0.01293658113725194,230259442.39834994,0.3089976683386834,0.0,0.0,0.0,0.0,0.0,0.0,0.0,0.0,0.32193424947593535
455,98221185.95816912,0.07454965327529728,0.0,0.0,1776495184.7630153,3.1939377305750676,0.0,0.0,0.0,0.0,0.0,0.0,3.2684873838503647
456,35997644.767440915,0.02609177553055344,825647203.8569365,0.7116342275075855,90664068.9995036,0.15538961710069848,0.0,0.0,0.0,0.0,0.0,0.0,0.8931156201388375
457,36983344.80106502,0.02629210543739152,100173534.30696106,0.09261544531044341,31913891.8262064,0.05716523031597823,7945623.526842787,0.004043705178453228,473726135.0231216,0.41680689917140507,0.0,0.0,0.5969233854136715
458,2663086845.5088563,1.732592148801836,0.0,0.0,1787490643.3006227,2.8885568958344496,10177526.282657938,0.0026595662551362476,0.0,0.0,0.0,0.0,4.623808610891422
459,0.0,0.0,15898903.153943941,0.016583480219232453,724360527.1906437,1.3345185843459086,77770926.69036973,0.035616069768814096,0.0,0.0,0.0,0.0,1.3867181343339552
460,18415142.997006673,0.012618535509261987,50097292.9992647,0.04534650477967915,0.0,0.0,176959144.31007588,0.0702412139445342,0.0,0.0,0.0,0.0,0.12820625423347534
461,52909859.04211213,0.042780234765238546,602622021.1436869,0.5918978918229015,0.0,0.0,0.0,0.0,0.0,0.0,0.0,0.0,0.63467812658814
462,2462273012.154712,1.7175078127457502,0.0,0.0,0.0,0.0,0.0,0.0,0.0,0.0,0.0,0.0,1.7175078127457502
463,2187598152.31401,1.7092363343696766,0.0,0.0,964967469.0834107,1.8461561783011198,0.0,0.0,0.0,0.0,0.0,0.0,3.5553925126707964
464,105351770.5296103,0.07036329849457537,31350891.070141166,0.028134381921049705,85895181.54785505,0.1454339114815715,92360160.64271344,0.03952272433637763,0.0,0.0,0.0,0.0,0.2834543162335742
465,1879877816.1863048,1.7115219438640765,0.0,0.0,6033073.51429615,0.014802532239649278,14590182.295184258,0.009054162609647615,0.0,0.0,0.0,0.0,1.7353786387133734
466,1012991797.0176809,0.943394112073235,0.0,0.0,1221982985.8344455,2.821965830535056,0.0,0.0,0.0,0.0,0.0,0.0,3.765359942608291
467,0.0,0.0,918535926.3886015,0.7794902950690076,0.0,0.0,0.0,0.0,0.0,0.0,0.0,0.0,0.7794902950690076
468,241799887.58192074,0.15212403671474012,0.0,0.0,11909991.471826963,0.01931505669520993,1833211.1013153042,0.000836815871028677,0.0,0.0,0.0,0.0,0.17227590928097875
469,2757390574.516176,1.7052520109982217,0.0,0.0,0.0,0.0,0.0,0.0,0.0,0.0,0.0,0.0,1.7052520109982217
470,14844100.087290172,0.012880721022619928,39784482.7233821,0.045598177212598845,10297438.003063396,0.02231137856664773,57797870.02275841,0.03172594315161789,739402074.3372098,0.7568264503917038,0.0,0.0,0.8693426703451882
471,0.0,0.0,58584589.48848835,0.04592960552984449,0.0,0.0,0.0,0.0,1228914162.465239,0.8711111889513841,0.0,0.0,0.9170407944812285
472,0.0,0.0,30454304.62496357,0.029163116724323927,129050677.97854121,0.22880463610719576,67567784.53290193,0.030558382576122617,189479524.76128444,0.16440246074832943,0.0,0.0,0.4529285961559717
473,763082717.968109,0.5836661606833997,71412592.0429335,0.07235051297434823,1654474295.6641674,3.1259461238634687,21438832.07012477,0.009718266368188188,0.0,0.0,0.0,0.0,3.791681063889405
474,3228622824.3748875,1.7221327091489356,164395110.99856,0.11829828085354277,0.0,0.0,0.0,0.0,0.0,0.0,0.0,0.0,1.8404309900024782
475,0.0,0.0,100274618.84526113,0.09280189234377864,0.0,0.0,157317169.27596647,0.06506262600879978,0.0,0.0,0.0,0.0,0.15786451835257842
476,2459586891.589589,1.7151611138501321,0.0,0.0,28664146.48147005,0.05360051848633173,16334979.438733123,0.007779100966508835,0.0,0.0,0.0,0.0,1.7765407333029728
477,14973268.386163706,0.013010243712053369,25513017.643503964,0.02965986072966113,26809567.81131913,0.05835717946238446,123365667.71289717,0.06563152017970439,0.0,0.0,0.0,0.0,0.16665880408380335
478,122390170.08377245,0.07036329849457537,121230198.83841723,0.09143177121223052,2277965011.1852374,3.095436767885158,13453542.64995814,0.004931661976982429,1070669114.5965104,0.7062114150199275,0.0,0.0,3.968374914588874
479,2169331998.0845795,1.6913475827494702,0.0,0.0,0.0,0.0,0.0,0.0,0.0,0.0,0.0,0.0,1.6913475827494702
480,2516383260.1596246,1.725592657515209,0.0,0.0,0.0,0.0,0.0,0.0,0.0,0.0,0.0,0.0,1.725592657515209
481,2458744221.6358466,1.714424940520915,0.0,0.0,0.0,0.0,0.0,0.0,0.0,0.0,0.0,0.0,1.714424940520915
482,19276056.255224004,0.012578658209223766,127002383.40636748,0.10641585071198023,388696918.82196903,0.6129817928770241,114503513.70326436,0.04553356479199735,12498667.419651996,0.009991374716026897,0.0,0.0,0.7875012413062523
483,799419085.7748516,0.46884846516431733,439409776.61602384,0.33359697912709146,0.0,0.0,0.0,0.0,20750822.71193686,0.01587752301150054,0.0,0.0,0.8183229673029094
484,13968233.059792623,0.012002450936407602,51484559.14252339,0.05773337446134158,9510680.313146183,0.020481702705206384,29174845.951457944,0.01613563584360927,867234141.1859677,0.8759201728477927,0.0,0.0,0.9822733367943575
485,1982585761.2311473,1.6842036191391325,220102256.09773576,0.23612342064427386,262170225.04719353,0.5531847545826244,0.0,0.0,0.0,0.0,0.0,0.0,2.473511794366031
486,405550395.8301825,0.3083637096445472,0.0,0.0,22610140.06281712,0.04397292021758789,0.0,0.0,467175308.46715814,0.45279462151951194,0.0,0.0,0.8051312513816471
487,0.0,0.0,9940817.759422477,0.011639294715988702,75977323.1874264,0.16383496569901124,41806913.97151463,0.023377158904916547,64700394.476875424,0.06911649974634246,0.0,0.0,0.26796791906625894
488,0.0,0.0,209326665.070773,0.2636240400526887,0.0,0.0,0.0,0.0,0.0,0.0,0.0,0.0,0.2636240400526887
489,0.0,0.0,70812020.59962982,0.07954296849084551,0.0,0.0,0.0,0.0,0.0,0.0,0.0,0.0,0.07954296849084551
490,2012809526.1193042,1.7164835112069905,0.0,0.0,0.0,0.0,0.0,0.0,0.0,0.0,0.0,0.0,1.7164835112069905
491,0.0,0.0,34151890.60584615,0.0293563434564175,101426969.95510185,0.16146539439522614,147811358.21954575,0.05638229536814611,462876335.31388545,0.35270955561610673,0.0,0.0,0.5999135888358964
492,2479294793.014776,1.732382444044474,0.0,0.0,0.0,0.0,7827372.582793911,0.0036168722567071587,0.0,0.0,0.0,0.0,1.735999316301181
493,2381802713.633394,1.7206608297668393,14921451.748715043,0.015690610517694263,981165320.4714665,1.8300657158020273,6005260.938189905,0.0030125824525918193,5926857.042460314,0.005779400652100301,0.0,0.0,3.5752091391912533
494,2596487844.0247607,1.7221327091489356,44486617.15033007,0.041114754688604586,1751674870.4218812,2.8894130637037927,0.0,0.0,0.0,0.0,0.0,0.0,4.652660527541332
495,90954550.49943021,0.06805093273950936,27720635.17042601,0.027905931537602985,21669675.152670845,0.04179551153914035,32231358.97217416,0.01597752647596893,45239725.53448556,0.04292251947764862,0.0,0.0,0.19665242176987024
496,2451720920.479889,1.7082896131845295,0.0,0.0,0.0,0.0,2288644.8446204467,0.0010092423530722503,0.0,0.0,0.0,0.0,1.7092988555376019
497,0.0,0.0,28877724.222829845,0.02917836790718103,113575819.15714419,0.21266127350646824,0.0,0.0,875968303.6302736,0.7893412969800591,0.0,0.0,1.0311809383937083
498,0.0,0.0,80847308.22887011,0.06902260458593489,0.0,0.0,55038341.92792878,0.022950578351887414,450150795.06870216,0.3564908749843726,0.0,0.0,0.4484640579221949
499,2776737031.901416,1.7202577889541968,0.0,0.0,0.0,0.0,16121346.545539515,0.00697017016294311,0.0,0.0,0.0,0.0,1.72722795911714
